name,time,x,y
0,0,-23.0,1.0
0,1,-25.011020087930707,0.8934672801609896
0,2,-27.5048063409392,1.3489296007394433
0,3,-27.572048673846176,1.3323746539009502
0,4,-27.572048673846176,5.322254445042505
0,5,-24.783280659266943,4.869274563758073
0,6,-24.838417308405575,3.6006430950284205
0,7,-26.822989218846686,4.990965078961703
0,8,-25.546961406230412,5.877957686694526
0,9,-24.532894315147118,7.733807192151151
0,10,-27.114529508635194,12.461519606502094
0,11,-26.358634477526394,9.069469956328808
0,12,-27.556908579891687,12.180591556847128
0,13,-25.113144306733446,13.569104151607764
0,14,-25.484657967099263,15.118707511400046
0,15,-24.17971592024059,15.658812547759323
0,16,-24.64323624415175,18.879712833952404
0,17,-25.98603002864515,18.879712833952404
0,18,-28.420316616773878,18.986655037578068
0,19,-27.027215975691508,18.986655037578068
0,20,-24.857491544704374,18.986655037578068
0,21,-26.2532001778374,18.986655037578068
0,22,-28.38454289026034,19.38929925375763
0,23,-25.722095597327034,16.274923589968395
0,24,-27.984020534526756,15.282946609104616
0,25,-27.984020534526756,19.145687492276494
0,26,-26.662598820910972,19.145687492276494
0,27,-24.96062097251555,15.734845273511025
0,28,-27.20392286210233,14.976336373108882
0,29,-23.908031239616953,13.145843824717032
0,30,-24.16621790975174,12.184583737733526
0,31,-26.58274256232651,12.158818537018576
0,32,-24.75132941945339,10.672587197561704
0,33,-23.297796086597767,10.119807871591332
0,34,-20.528174127032063,7.060910976578334
0,35,-21.494254503600125,5.760543926588858
0,36,-22.901569139718077,5.722627424971886
0,37,-21.090740001075492,2.465038735590438
0,38,-19.787966903363277,3.0450987810467005
0,39,-24.04508605125648,1.405299949204278
0,40,-21.60713036861978,-0.5165913621102634
0,41,-20.791050311505582,-1.496244122397042
0,42,-19.304913008160604,0.517621383767459
0,43,-20.444011166433583,-0.7039660804616834
0,44,-20.84238944243519,-1.3354301938525663
0,45,-25.008807024671313,-1.2478792330275528
0,46,-22.918941816059544,-4.6553874929862555
0,47,-23.450374124745682,-4.8374342177889895
0,48,-23.625686949381862,-5.608361709087695
0,49,-21.32078281156114,-3.264528336711073
0,50,-18.362297066765187,-4.605701681790874
0,51,-20.634433941422767,-2.6779622504540965
0,52,-21.281246684830567,-2.9047888021429493
0,53,-24.45536411695833,-1.5306588744643959
0,54,-28.760209293166962,-1.173630575884422
0,55,-28.760209293166962,1.238012012679095
0,56,-28.760209293166962,0.4154665123283121
0,57,-28.760209293166962,0.054897077093237934
0,58,-28.53484673489571,-3.480413522180296
0,59,-28.53484673489571,-1.115082867493041
0,60,-29.30553353419136,-0.7282739400271068
0,61,-24.13350188673127,0.4174641112356203
0,62,-22.471663912744415,-5.101040421222979
0,63,-24.865604404356585,-4.724686044729746
0,64,-25.56678196501006,-2.0830028566449537
0,65,-24.472186306791055,0.32059308839318224
0,66,-21.905736754799957,-0.44955234356978546
0,67,-21.678888112932274,2.369404139690161
0,68,-20.34766920127143,0.47203431407205776
0,69,-19.290156729581135,0.8446354568615361
0,70,-19.583529220919548,-1.257934505121432
0,71,-19.373076482282055,-1.9728650802829883
0,72,-22.004121883854086,-4.786769120647097
0,73,-25.392494760076698,-3.4237404386818318
0,74,-25.892027552997394,-7.832397890655552
0,75,-26.633837602671758,-9.886839074009524
0,76,-25.954500617207664,-8.547797519854061
0,77,-26.96735018154469,-7.104876074192942
0,78,-28.554892326812222,-4.047007172095173
0,79,-28.112406750866906,-6.381311523369654
0,80,-28.112406750866906,-6.381311523369654
0,81,-29.83350000388987,-3.1363045183665026
0,82,-27.85200897037768,-3.2659863153551965
0,83,-27.24405402325978,0.14863588453109156
0,84,-25.18728348284374,-1.7254821161385574
0,85,-25.18728348284374,-1.7254821161385574
0,86,-20.884216535948543,-3.5283883289176106
0,87,-20.757440151902678,-5.135267093939513
0,88,-19.68693668475372,-10.203385588875726
0,89,-23.017131513230826,-13.18582364729597
0,90,-21.928888524827503,-15.473649971307772
0,91,-20.69321791597889,-17.172277907737897
0,92,-22.826219548185044,-18.012560265365515
0,93,-23.262030365087092,-17.64573932172066
0,94,-23.982037785390947,-17.549977143010995
0,95,-23.38842781124505,-15.114179976098766
0,96,-21.406365658996805,-13.111174689410923
0,97,-21.56174351612913,-12.318888641891814
0,98,-22.870185300378132,-13.370027762816836
0,99,-20.24347150766447,-13.288197811904825
0,100,-21.159679412169748,-16.094039253689633
0,101,-13.683857166169618,-18.437698460122974
0,102,-11.857888604721499,-17.98430094742572
0,103,-12.991164906428846,-18.95416560247945
0,104,-11.257556307083535,-18.95416560247945
0,105,-12.842028349694845,-18.306737605944107
0,106,-13.38724656046519,-18.306737605944107
0,107,-12.437511513084313,-18.306737605944107
0,108,-11.036686171036557,-17.209045445585122
0,109,-7.739553881173888,-14.329927255252686
0,110,-10.84924817802208,-16.103623479220484
0,111,-8.687584197934324,-13.416190298480961
0,112,-9.364917968148204,-15.708509758549857
0,113,-11.066670225113267,-13.292979010874067
0,114,-12.765084350612279,-12.41490468506802
0,115,-12.89444487233524,-10.720761126608844
0,116,-12.325704410948275,-10.403086794475831
0,117,-15.897748840856348,-8.19071414989504
0,118,-17.713209482029388,-5.063791972420282
0,119,-14.000222061024324,-6.830618861170001
0,120,-13.457423401061542,-6.469253266805401
0,121,-15.938415276134862,-5.199730311287873
0,122,-17.092632651195423,0.1511565373559538
0,123,-20.49479037407928,-0.9650859019325764
0,124,-20.007342585946287,-2.3428403429181603
0,125,-18.911068824670842,-3.9375844416955488
0,126,-19.61968163657982,-4.523011207388923
0,127,-21.235706433292414,-7.458575433938073
0,128,-18.351168835618505,-4.780549269334852
0,129,-16.51167026489878,-3.110804625311842
0,130,-20.221714633624018,-4.67546486645209
0,131,-21.70231274649724,-5.0346067406420705
0,132,-20.629343996954226,-5.585690008665941
0,133,-22.49435304653333,-3.8556576390142183
0,134,-23.62176611662307,-2.703100353823724
0,135,-24.138259236029214,-2.556057118346977
0,136,-26.92468142672925,-1.6810923929621582
0,137,-25.905202257153203,-3.222325283182734
0,138,-24.606209284167736,-2.9546752786096286
0,139,-26.232316771799027,-3.4867702336768973
0,140,-28.579627190502418,-4.397986564795829
0,141,-29.14437309089384,-3.4038229908968822
0,142,-27.196098754480207,-3.456518320233035
0,143,-29.181999754665576,-3.69172911468326
0,144,-29.68139504987096,-3.293216231969074
0,145,-29.68139504987096,-5.019460567443078
0,146,-27.73789189133947,-2.94350617198668
0,147,-24.880032711768447,-4.5389785092705965
0,148,-26.606772594788225,-2.0922314473948513
0,149,-26.59284063811083,-3.512063951362546
0,150,-23.046707810667673,-3.1357497609350076
1,0,25.0,17.0
1,1,22.04445668657915,17.0
1,2,19.68052829054555,15.591541063135095
1,3,18.824593768034813,16.478024868549152
1,4,17.285853222569756,19.477712958477703
1,5,18.002111495732468,19.477712958477703
1,6,18.951335942086082,19.477712958477703
1,7,20.257034175123884,19.8323718790898
1,8,18.81028378017793,19.8323718790898
1,9,17.653951373674968,17.521459009967487
1,10,15.526355124391953,18.36909213457304
1,11,17.02201023097603,19.874593631838692
1,12,18.32927120506082,19.874593631838692
1,13,18.637861478395095,19.874593631838692
1,14,18.92065902586855,18.67226672653541
1,15,18.550481797782144,16.813876187964922
1,16,18.7149307667867,16.032385362697358
1,17,21.704080436309578,17.914177923396544
1,18,21.337422456120887,19.001303001856026
1,19,22.970308836004218,19.994940048816655
1,20,22.84147051257262,17.812219711799692
1,21,24.452115137471374,19.100814012321305
1,22,22.829258128233025,19.100814012321305
1,23,23.55666188198795,19.100814012321305
1,24,24.674234426840883,19.100814012321305
1,25,24.062822949191556,19.100814012321305
1,26,21.735535849349226,18.637319794694093
1,27,19.29287153746069,18.637319794694093
1,28,18.54828954385788,18.505447074664634
1,29,18.943130925666868,18.818124987275535
1,30,18.29476423455527,17.858178569071285
1,31,17.000698861556117,17.858178569071285
1,32,14.628741261758613,17.689281936616833
1,33,11.412463268118868,18.125493992859468
1,34,11.412463268118868,18.125493992859468
1,35,9.106089999323604,16.268686836882793
1,36,12.196603528796892,19.27602226683191
1,37,12.460669240532805,19.27602226683191
1,38,12.47412055700969,19.27602226683191
1,39,14.408541498508523,18.770489662869608
1,40,13.654801413004835,19.67356047720724
1,41,13.58226524921166,19.67356047720724
1,42,13.092033475846717,15.51855199600259
1,43,12.044433014254885,15.725620408496464
1,44,14.60044102175988,15.741650358616026
1,45,15.367788707658082,14.241432880246833
1,46,14.503015962139688,16.832620973242985
1,47,13.708784278479847,19.41282934099563
1,48,14.17794761702613,17.52379692593038
1,49,15.046770568261719,17.14415760941312
1,50,13.651655990398785,18.68561482621694
1,51,14.349497706176564,17.65984040901881
1,52,13.812735905235074,14.732040329769628
1,53,15.803530684649003,15.455207879806602
1,54,15.803530684649003,15.455207879806602
1,55,16.97620739829197,16.897660273422098
1,56,18.488409907497253,17.46252712678055
1,57,18.59955986972158,17.46252712678055
1,58,20.946603457213147,17.343963235459995
1,59,18.43767541068955,16.862031677919827
1,60,15.510350681320038,16.335889404051176
1,61,12.515740316433757,15.487990031642408
1,62,14.355148815658783,14.279711474634619
1,63,12.40988484750907,12.07026129054534
1,64,12.486330644465184,11.1658488422852
1,65,10.842679844146392,7.94228163236691
1,66,10.233669621780455,4.101160176115023
1,67,8.280575233765369,7.9573016740692655
1,68,8.208992975733313,7.4482287320692855
1,69,8.877321744754344,5.409115190285494
1,70,5.744231581844607,5.431296564145952
1,71,7.305186278109455,1.032470755863911
1,72,5.794346118827401,2.321022218228349
1,73,3.9228429175117263,1.2066746738634275
1,74,2.5678605870700038,0.16711671981221699
1,75,1.1661926136136018,3.198245711985602
1,76,-5.4598733692160355,7.397809569580583
1,77,-4.372716089804732,5.890481321439309
1,78,-2.7578842871401146,1.522291402831084
1,79,-1.2911287642882232,-0.5717410857343852
1,80,-2.191009371003166,-6.723504817782155
1,81,-4.799377320039766,-6.577759333808626
1,82,-5.5761401871691545,-10.541575513327736
1,83,-5.948684971810646,-14.048250479193664
1,84,-9.470401292550042,-16.190365304209188
1,85,-8.08794312536774,-16.42997136315144
1,86,-5.419674740490966,-13.526743180571884
1,87,-4.536310550574425,-14.594451904615024
1,88,-2.9073986866668013,-13.217884917594724
1,89,-5.915976975881836,-12.779242867506312
1,90,-4.6670743576534095,-14.452713759137296
1,91,-3.0786828122475765,-15.43405875892286
1,92,-4.826589370743454,-13.880442665764111
1,93,0.42642394378156556,-10.551669393667813
1,94,3.244451623790148,-6.8414407137475655
1,95,3.540941761350458,-3.780600724620144
1,96,2.832266530166641,-3.149572046267239
1,97,0.8551543563919617,-4.7124467479482695
1,98,0.9499401528036632,-1.0101413124224399
1,99,0.39737881386466,0.8972008836738805
1,100,2.76524682791986,-0.2930284663368792
1,101,2.788446528485604,0.32393752799026176
1,102,2.6001634786350825,-3.2628940969867366
1,103,5.553894285488079,-4.692896997421566
1,104,3.393848561160376,-4.204024814952217
1,105,5.882915439694555,-3.95720765800385
1,106,6.9208087029079515,-2.1382632979141754
1,107,5.456918585618118,1.539854180854396
1,108,5.111138451453485,0.740695010055998
1,109,7.433847179367092,-3.1506314844906713
1,110,8.69538561437953,-4.143931480233478
1,111,10.321167952537937,-7.4687216931633245
1,112,9.70230219817324,-9.02516575637205
1,113,9.0563479012951,-10.946383555728318
1,114,6.05127825631652,-13.968962393088459
1,115,8.173528663753894,-12.40639723344367
1,116,8.718604639634188,-12.481272944870128
1,117,7.078001987920858,-11.829116680647994
1,118,8.803561640799202,-15.997763838349819
1,119,9.973941176616181,-15.764671995251614
1,120,6.3902723216956545,-16.164055581510272
1,121,5.032358836837803,-15.169398530309781
1,122,7.358887503331891,-14.948492690894987
1,123,7.616769164537292,-13.276678097159788
1,124,4.736758469360449,-15.639975891918375
1,125,5.555215892588615,-14.970429295223505
1,126,8.956591394035986,-15.710632119213924
1,127,5.07015513324842,-13.605328962993859
1,128,2.892845813429052,-15.982322526365678
1,129,2.732680961967014,-14.180053789223253
1,130,-1.0570621051155626,-12.592314398417358
1,131,-2.1603987754066494,-13.189126952311938
1,132,-3.2487840103150667,-12.051416901889615
1,133,-3.1296476627965446,-13.429804260440882
1,134,-2.2029423020134606,-13.370235686227135
1,135,-0.6673708844540212,-8.21229923485662
1,136,0.11437464323487712,-6.479677750822149
1,137,1.950041216588456,-8.890791678526423
1,138,2.947464675494986,-5.591948133519166
1,139,3.187059893058272,-7.990367589864728
1,140,6.093639112768102,-10.857318941210117
1,141,9.636057535974587,-12.296668477275505
1,142,9.557255917534663,-9.806531459726852
1,143,9.26599143807513,-11.055339388046036
1,144,10.416800841008076,-10.3356114307892
1,145,14.644254379452352,-13.540257004361434
1,146,14.644254379452352,-13.540257004361434
1,147,18.753388337112536,-15.569423579728195
1,148,16.850031461282708,-13.609362766299146
1,149,17.760027194144417,-13.741128695533632
1,150,17.30809103565584,-9.558980779410085
2,0,-7.0,-2.0
2,1,-5.767611074097249,-2.7897390004812603
2,2,-6.623250066978698,-3.470950337497466
2,3,-7.6074927858050225,0.06481781814611143
2,4,-7.716481055047043,1.2372115719667747
2,5,-10.155006440775267,0.28042874121821804
2,6,-11.492294946743483,1.1720479793723215
2,7,-10.854418122659768,2.527899245172069
2,8,-10.363561580883008,4.911944225146424
2,9,-12.225287070025479,5.425365886184422
2,10,-13.252724314414595,4.424405475754682
2,11,-14.75606383143777,0.30460199224962103
2,12,-13.314232160148281,-0.052963194949991355
2,13,-12.036929498405092,-2.842390349742501
2,14,-12.366376360417902,0.183882676805589
2,15,-10.85838701928675,1.128449598915169
2,16,-5.634781330385414,-1.19282253871324
2,17,-5.160070186051135,-1.1684695495029511
2,18,-6.104645304642768,-2.9949372355120434
2,19,-4.917499550846169,-2.5959256436095384
2,20,-4.016179152529341,-1.3938553858573617
2,21,-7.684746303701411,-2.163089785973619
2,22,-9.390673691232024,-4.169185766259961
2,23,-12.506298524697499,-7.285419039860722
2,24,-10.826392099865565,-9.29479285415544
2,25,-11.763949486805586,-6.686836424830884
2,26,-8.597429437018906,-10.903501053701046
2,27,-9.477245179177626,-11.26694656287563
2,28,-11.188516704691287,-12.096286380476515
2,29,-13.856338620122674,-12.325323819089418
2,30,-15.89200682734215,-12.929950709420838
2,31,-18.82654930910435,-11.525167071291323
2,32,-20.904612647549655,-11.249550767475233
2,33,-18.922037704360616,-11.10527341097532
2,34,-17.74597624451151,-10.286966509333466
2,35,-17.446020672756656,-12.246249050338022
2,36,-15.218388277741715,-12.83679751104328
2,37,-14.192002685962368,-12.567972030837481
2,38,-17.369368545624152,-12.136911751690256
2,39,-16.917451888179297,-8.540899933181162
2,40,-20.133868082155345,-6.3165445807269744
2,41,-18.07851084297985,-6.368016743384112
2,42,-19.380133443014625,-7.923524856920011
2,43,-17.620746780883728,-7.8316496548423595
2,44,-17.414002507393967,-11.141826054864008
2,45,-16.50582918732774,-13.208239262478003
2,46,-16.57265977426124,-13.106510078173205
2,47,-19.07803494540211,-12.011431674209534
2,48,-17.32400103605707,-9.981111762712167
2,49,-19.439038434210183,-5.857671201482437
2,50,-20.506897430632584,-9.325623995004888
2,51,-18.031842007507592,-8.70772081953811
2,52,-19.236945996272397,-9.58987894295875
2,53,-17.964570971356615,-9.846771565858807
2,54,-13.654795686043727,-11.795079338294324
2,55,-12.37265677830276,-9.300992669517923
2,56,-11.277685045763816,-7.393902088190836
2,57,-11.469853103043635,-8.674472851271073
2,58,-11.28171764565222,-5.721705587891428
2,59,-15.579337195859605,-4.338967150269975
2,60,-19.4202272373862,-2.484134174241217
2,61,-19.688627352080182,-4.697861590306631
2,62,-21.65219508915302,-2.637960189990168
2,63,-19.545018261230325,-3.219340978748282
2,64,-20.370925660041102,-1.5090806023176837
2,65,-20.804072860701602,1.0972865704869097
2,66,-16.818107559295314,-1.8704455743162836
2,67,-16.243421061592226,-2.7353992040795316
2,68,-16.440212488596288,-7.505935812637928
2,69,-16.97079828009591,-12.124170258594976
2,70,-16.139073843697638,-11.009884565533717
2,71,-15.990539425637747,-10.708479843929265
2,72,-18.55807651261313,-7.536877588307434
2,73,-21.809430971482275,-7.4424863479820145
2,74,-23.01371834299633,-10.85197789515434
2,75,-25.45773895307125,-12.295304812251382
2,76,-25.793750661410026,-11.691303481280862
2,77,-27.271575532752696,-13.76855342848668
2,78,-25.956227245821452,-13.857718869033024
2,79,-25.938935810479016,-13.181529773547418
2,80,-25.710610243265577,-12.111741436838585
2,81,-25.247730729364566,-14.764143294290818
2,82,-22.92775296155204,-13.635275481764388
2,83,-22.132190393657005,-15.244217535762676
2,84,-21.447966763996764,-16.992008526376118
2,85,-19.50282971160743,-16.791255356435364
2,86,-16.979625781263614,-17.871528659685893
2,87,-17.426427240351543,-15.956328355241538
2,88,-17.793355621008033,-16.091663737192533
2,89,-15.661724221028921,-17.665512841312104
2,90,-14.851611504855116,-15.164183932036732
2,91,-15.592539043250003,-17.176078441107826
2,92,-15.08409263945052,-19.348501736420445
2,93,-15.177787449253207,-18.75894141299475
2,94,-14.96935475901501,-18.38959848813747
2,95,-10.684960327911313,-19.7679050655558
2,96,-11.318235503174803,-17.047285345018985
2,97,-9.931972805424635,-17.50473534921643
2,98,-6.7371160139734805,-19.54573156130123
2,99,-7.121878745823704,-19.54573156130123
2,100,-4.175090493485422,-19.248741322249266
2,101,-2.370792606156085,-19.248741322249266
2,102,-3.359341261035613,-19.248741322249266
2,103,-6.059360975756137,-19.248741322249266
2,104,-1.4633352169322107,-19.303530568369553
2,105,-1.2535039520580131,-19.686778337759414
2,106,-2.0542124136176043,-19.501147875384053
2,107,-0.3406589233672761,-16.00394578081133
2,108,-0.8336315701937804,-14.791167424690014
2,109,3.5176976504902298,-16.061681741721316
2,110,0.8058344959873023,-18.47235943629361
2,111,1.9043526494688197,-16.528697426021775
2,112,0.5657623576507769,-16.172035689616536
2,113,2.515108041373422,-15.891636823928836
2,114,4.879789957591553,-17.322143690275848
2,115,7.1904084625444895,-16.499975842247522
2,116,7.673005917061317,-17.452074615519397
2,117,6.763921475623422,-17.835227236568137
2,118,3.0774643758622666,-19.948240004162276
2,119,0.5713494292689663,-18.964782376038354
2,120,1.083139659494447,-19.574075478326613
2,121,5.3536381510647555,-17.679067942568
2,122,5.3536381510647555,-17.679067942568
2,123,5.527161407179246,-14.099224625145816
2,124,8.359117900076225,-16.216419167373367
2,125,7.849553508629707,-15.80603200282097
2,126,6.607693362757681,-13.441359525352002
2,127,7.111866302550547,-14.91173545560063
2,128,7.406640468665555,-15.081863568543687
2,129,2.992941653215513,-13.116729999971568
2,130,2.992941653215513,-13.116729999971568
2,131,3.6490395318353976,-12.054454690368257
2,132,0.6009865694160688,-12.5350951649663
2,133,1.6011730621665492,-12.441032314332608
2,134,0.4303766851905222,-14.144187295361194
2,135,-4.766692822866363,-16.308663659187367
2,136,-7.143762501894477,-13.979606169718995
2,137,-6.007163914310886,-15.29359202160622
2,138,-7.690264742910488,-12.867726694683064
2,139,-7.231309038483552,-11.541626314134405
2,140,-10.71873048334163,-7.448526187182409
2,141,-8.610321385408914,-8.836331054212625
2,142,-7.11892050655787,-8.58658694884648
2,143,-8.905628470605867,-9.141733759465183
2,144,-9.046891259517288,-8.262980047300301
2,145,-15.268151567780718,-13.370422915396883
2,146,-15.791495373828516,-15.965339834907397
2,147,-16.262103671078393,-12.564545134120388
2,148,-17.26303239599922,-11.082163525766918
2,149,-13.366135911611636,-9.636819258140049
2,150,-14.465274086352315,-10.16645971751462
3,0,7.0,-19.0
3,1,8.460485972076235,-19.0
3,2,7.097698685677771,-18.626609352761086
3,3,6.324413368657018,-16.3174558125497
3,4,9.612092364601295,-19.51446709793976
3,5,11.275069374087565,-19.51446709793976
3,6,10.956487506193659,-17.742864098889655
3,7,7.963361152385168,-13.804489830158376
3,8,8.974587746896015,-10.69300193935597
3,9,9.176668172482541,-15.585390016100877
3,10,8.76274039721643,-16.737553449138332
3,11,12.295011022521283,-18.81110029940351
3,12,13.596417187473909,-19.747258521678596
3,13,9.376737635704941,-19.747258521678596
3,14,11.0518848099271,-19.376840489114223
3,15,8.922734438310021,-17.136633939798987
3,16,6.155184403382412,-18.17754443355186
3,17,6.0124248378773535,-19.763331214923504
3,18,5.49997607187152,-19.763331214923504
3,19,4.697701450805311,-19.763331214923504
3,20,4.3452617859810285,-19.763331214923504
3,21,3.6270541514845833,-17.704911422026875
3,22,2.140507564409946,-18.318161135397748
3,23,1.7354321783485676,-18.318161135397748
3,24,4.589316867937421,-16.9602366017264
3,25,6.022862938649784,-19.68737770704212
3,26,6.19878680900285,-19.501217060947774
3,27,8.129450990908172,-18.98894853101499
3,28,7.66450875142147,-16.09943371772102
3,29,5.485969578979468,-14.348048097113102
3,30,9.399305307819109,-15.584200300234622
3,31,6.868583820264174,-14.400251795809197
3,32,8.028156032874765,-14.03798754726972
3,33,8.07360744075929,-12.988690392005399
3,34,8.533346064820392,-11.945543013083032
3,35,5.768062154256475,-12.250484158649728
3,36,1.900114446945762,-14.829888561799006
3,37,-0.6571126736183044,-14.246756024220508
3,38,-0.8319560617396097,-11.013783420483946
3,39,-4.997729988769385,-7.083640815372805
3,40,-2.4854381437893474,-4.446727402500084
3,41,-1.8632700225469616,-3.0673266947216047
3,42,1.0651833575007692,-2.9214539626006903
3,43,0.14215109966123352,-2.2590063079176224
3,44,0.4797238246670988,-1.9309423595965698
3,45,5.4387252913890425,-0.7831974159373241
3,46,4.648528227080395,-0.2294780854150924
3,47,4.520121473535854,-1.436683528872325
3,48,7.914378865364357,-2.2507256194808303
3,49,6.776902145616256,-3.365241409386287
3,50,8.261980840382112,-1.8186395162407343
3,51,6.584304137910248,-1.5697499983773195
3,52,7.469548717953911,-2.533080554175855
3,53,5.19526308500925,-0.5928371696393737
3,54,4.699762841697864,-0.8934328090857794
3,55,3.7432321116004728,-2.184834381601804
3,56,6.82396361308066,-4.69495271161523
3,57,3.9412388670937153,-6.710074628774211
3,58,4.174115501755307,-12.626361290288584
3,59,8.248281705158742,-8.560946972763965
3,60,9.53177979933885,-7.0376080839931205
3,61,7.143463146023561,-6.003877198093855
3,62,8.796838458328537,-3.813003702579948
3,63,6.316586703278579,-4.831176479052232
3,64,9.057540095210106,-1.1928600625873722
3,65,9.615737977506013,-0.9995787770386173
3,66,9.30784943007466,-5.241162843839321
3,67,7.199299982858948,-6.62817872539805
3,68,5.9980400627284425,-4.412861140568159
3,69,3.3270735004467547,-6.517969806717664
3,70,3.400015057774636,-9.347155912098334
3,71,8.133979050632302,-10.18918643327002
3,72,8.355344356192232,-7.893540265983714
3,73,8.938762403999988,-6.631964547100744
3,74,6.171576028622729,-2.3254020680615195
3,75,6.573368308809826,-1.2169537179837533
3,76,5.714940664138181,-3.19798217125978
3,77,4.819221769213924,-2.019969779460875
3,78,4.5199601608100295,-3.841579075353057
3,79,0.5624674379218604,-1.252676826746511
3,80,2.840112728556557,2.2314699118735977
3,81,1.9332202764513498,2.3218953989022033
3,82,0.6753485425353047,2.4167582781689574
3,83,1.9250229366276785,5.242925512053109
3,84,2.2259836871455922,2.8785730154484708
3,85,0.4801006336700082,0.8155944766013437
3,86,-3.4342176768723824,1.3823330770724975
3,87,-3.842147411712772,0.791964970569988
3,88,-6.064087527489044,-0.9476953440656002
3,89,-5.774588778854691,-5.115348302327313
3,90,-1.5534221001505282,-4.181675513672094
3,91,-2.4047457420355145,-5.909037597836207
3,92,-2.63023278130028,-3.4140881209347884
3,93,-4.7812101446594575,-4.474144302581948
3,94,-4.044385101212759,-2.4879984669458794
3,95,-6.949990027521812,-2.222049549325198
3,96,-7.780354527418089,-3.116045210314264
3,97,-8.894294937838078,-2.1417366787258123
3,98,-9.879251132704269,-0.24063345896000654
3,99,-11.978333369155536,-1.1441264032802831
3,100,-14.14190564340598,-5.3319361185988035
3,101,-16.829201851982816,-9.073986417597922
3,102,-21.16478020695785,-3.930665791363496
3,103,-19.415820277561316,-4.785171906487016
3,104,-18.80695532968568,-5.203347427048893
3,105,-18.740751295338125,-7.075035784980042
3,106,-16.729769274749813,-5.30629674458835
3,107,-14.5836625438553,-6.256528194730483
3,108,-14.179171679310869,-5.684606493922559
3,109,-16.55198508466627,-4.389574538264858
3,110,-19.9402628668685,-5.59207379310116
3,111,-19.16587314151593,-5.266066159586984
3,112,-20.03381567918709,-8.328985874401237
3,113,-20.03381567918709,-8.328985874401237
3,114,-22.43301804031759,-5.747643229740438
3,115,-22.057298622393223,-6.769420038608126
3,116,-22.19694974007172,-5.776755697223613
3,117,-23.354816574941115,-6.1290334416958965
3,118,-20.90442981621872,-9.61228874717476
3,119,-19.669142690416564,-7.528727587418816
3,120,-22.131624296756293,-4.636146221065281
3,121,-22.65953457653841,-6.13942592258509
3,122,-24.139107710240197,-5.322850230502786
3,123,-22.07707326574959,-8.152851682753013
3,124,-21.30358101057451,-10.111337198040538
3,125,-20.74389989956499,-6.969275168506382
3,126,-16.787267004467722,-11.091876500916431
3,127,-18.354054822639153,-14.79091623519881
3,128,-19.993086462631574,-16.97677405166129
3,129,-21.532796257698234,-14.951956857979662
3,130,-21.255313487026154,-14.244677593639901
3,131,-19.63145461716489,-15.390173428431691
3,132,-21.753047263731588,-18.11345407880618
3,133,-22.74819758385607,-19.297373652366534
3,134,-20.934536693286333,-17.037041843495192
3,135,-19.9508841393737,-18.71560930879315
3,136,-17.574303785689576,-15.031485521642136
3,137,-18.595316843802365,-17.27412831955916
3,138,-18.928050999682583,-18.99852413926566
3,139,-18.826657278875874,-18.94288816676031
3,140,-15.80851733320124,-18.793808280857526
3,141,-16.510705121022212,-19.508299876998375
3,142,-17.389714952442326,-18.8613181913841
3,143,-21.39892461603859,-19.104174270114825
3,144,-19.344672313085574,-19.83120074667096
3,145,-16.609365743386746,-19.83120074667096
3,146,-14.530938913916671,-16.31632831522121
3,147,-17.755215996466625,-16.729871760899936
3,148,-18.83468011397109,-19.957405948076698
3,149,-15.877855651971156,-18.70520889289064
3,150,-16.36551496094436,-15.528068635959727
4,0,-19.0,-20.0
4,1,-19.788972537441115,-20.0
4,2,-17.0397802356085,-17.72608189043747
4,3,-16.865681703163364,-17.72608189043747
4,4,-17.089468077943714,-18.388287387224775
4,5,-16.09718638104485,-17.952140577696394
4,6,-18.962389196058204,-17.708839924589835
4,7,-18.920319810521153,-15.877539499845863
4,8,-15.488839446158945,-14.756697195657026
4,9,-16.244714643006677,-15.614821913298202
4,10,-14.92699370148737,-14.991670533361846
4,11,-13.517816287893831,-15.172194977706752
4,12,-18.225161807082607,-15.938539996510915
4,13,-15.604029435642332,-16.068270322185423
4,14,-12.057856936690655,-14.033087824041996
4,15,-10.639341394892403,-14.647108637383843
4,16,-13.145712770248117,-12.9798382764675
4,17,-9.561912654632984,-15.029429363791529
4,18,-7.9877713960650585,-18.577449139993917
4,19,-6.737641581980736,-19.72878260968752
4,20,-8.203957655432097,-15.953780169976376
4,21,-7.928292144448682,-14.336001652819371
4,22,-9.296772588706869,-14.521100908854287
4,23,-10.55717202411902,-16.44462997497056
4,24,-10.975540121398893,-15.15033032577692
4,25,-8.221309533999436,-16.372873126498487
4,26,-5.580739128091552,-15.82645132715816
4,27,-5.288699352846668,-17.008187987008917
4,28,-8.5014753459909,-17.319598035613065
4,29,-7.206262804352243,-17.04300178309123
4,30,-6.95159501403952,-15.728741981082006
4,31,-6.100161916711067,-15.052920750193548
4,32,-5.821726619242196,-12.332384089368112
4,33,-7.109327845593992,-12.506483961560416
4,34,-11.246864936580511,-12.128871498489788
4,35,-11.483426760394055,-14.045095279219357
4,36,-6.8948340522214435,-14.498087408852054
4,37,-6.600380086478377,-9.055226910921608
4,38,-10.59787533575826,-10.75885207401158
4,39,-10.648348804367838,-11.929446553106615
4,40,-13.6408744769623,-12.399449922370215
4,41,-13.763259967666574,-11.733916655264286
4,42,-14.324640954607545,-10.993016564666195
4,43,-9.920634836961916,-11.35281073390511
4,44,-12.742121715757822,-11.40511741935045
4,45,-11.96627770259454,-12.871656752028088
4,46,-14.180892682757875,-11.190172671390174
4,47,-12.680690145491967,-11.38303554426626
4,48,-9.269260487574549,-11.514081714926961
4,49,-10.486674222860527,-13.10276675869098
4,50,-11.272013750038912,-15.400949308565949
4,51,-14.445849624089085,-12.663051878178159
4,52,-17.277384053450884,-11.32005202630154
4,53,-16.663662876018122,-15.154932381589129
4,54,-17.562225106171237,-12.712066881983619
4,55,-14.653039602741732,-13.554313156531299
4,56,-13.550226049944696,-12.396379530941427
4,57,-15.479591928971093,-8.985030161043477
4,58,-16.20808344015645,-9.57790932070373
4,59,-15.69658835681053,-10.25330661630609
4,60,-15.768983622849115,-10.317491903102143
4,61,-14.28652091150526,-9.997139717782899
4,62,-13.793066585130068,-6.160436529808624
4,63,-14.236376701286938,-8.06123186883699
4,64,-10.994955657468635,-5.798998176457422
4,65,-10.372012178407521,-6.162349122992867
4,66,-8.376714650626539,-4.475783987734478
4,67,-5.52684383050023,-4.916618345984882
4,68,-3.1466677669353627,-7.521199209356473
4,69,-1.5392684265611167,-6.360370314553725
4,70,0.6204843002241895,-6.9975504978882235
4,71,-1.63699006600692,-7.483201538413929
4,72,1.857078730934765,-7.425624521805155
4,73,3.279757580148746,-8.11022195120037
4,74,1.30586338423347,-9.555918784473954
4,75,1.9068571332067674,-10.689570921367064
4,76,0.8836603276901731,-11.44190543433263
4,77,1.823854795729582,-8.055189722054553
4,78,1.8552413812379949,-10.082259309470647
4,79,5.402850250689802,-9.776252175193413
4,80,4.679398073111064,-9.483529586803572
4,81,6.0560127551050895,-10.920950150851903
4,82,5.275280362859577,-13.017107925309649
4,83,5.746248594202988,-8.531490518396591
4,84,2.6398940922889245,-11.974550524654063
4,85,5.065116433061823,-14.192652542861993
4,86,3.025463326849825,-17.926797685142105
4,87,4.529313942802048,-19.02015873599668
4,88,6.864447339887168,-19.02015873599668
4,89,5.817172586417707,-16.893909663973556
4,90,6.978958655263117,-16.893909663973556
4,91,4.682439533120954,-17.604171103388257
4,92,4.45019928994256,-19.117041093950334
4,93,7.353863449054176,-19.773634336134563
4,94,7.260123289086728,-19.773634336134563
4,95,7.234317222937274,-19.773634336134563
4,96,5.159019202398191,-19.24432474890918
4,97,5.022806196649806,-16.93488325133972
4,98,2.4979761839472174,-14.040626393220352
4,99,5.7095673975898364,-14.959144378618344
4,100,4.222864278089063,-16.68772204540231
4,101,4.720751937342027,-19.748378489533735
4,102,5.515860528699276,-19.748378489533735
4,103,6.081437773652437,-18.522071533266573
4,104,6.92972848649622,-19.714937177957637
4,105,4.996839759252184,-16.88532998830868
4,106,6.271565238273249,-14.198940774601038
4,107,7.354929960029786,-14.113469766086126
4,108,7.756538857650455,-13.318240502581967
4,109,9.862670578505666,-14.452987510902124
4,110,9.680843618143719,-13.843898353047146
4,111,10.189718656723363,-12.121090781095866
4,112,10.522492238990095,-15.226743498378402
4,113,11.664937361665828,-12.871625948640894
4,114,11.945769388556775,-13.477383393530754
4,115,10.334710374598085,-13.90277147091639
4,116,4.804801087931787,-13.553844791813608
4,117,8.512835983879894,-11.422728939352996
4,118,7.990745727306999,-10.41664808131429
4,119,7.178237678298286,-9.132689350460168
4,120,4.182341877254212,-9.182303854284347
4,121,6.232110451708579,-9.054487194390328
4,122,10.631228653049698,-11.413447291234544
4,123,10.19590457053242,-12.927741593245086
4,124,11.40516430873395,-13.676678384213288
4,125,12.639628770957799,-11.879853533497334
4,126,12.673654888565336,-11.787845777620348
4,127,10.509296765727893,-14.136276274894257
4,128,11.471282467631713,-14.760567413672973
4,129,4.543817630672305,-11.368530169649798
4,130,7.11286254518796,-13.113890212106922
4,131,5.925019280969602,-13.259699357874668
4,132,6.47112216298053,-13.607372996026628
4,133,7.953712462326548,-13.547979942983678
4,134,8.900026702873847,-13.849353181423867
4,135,7.0604792855441545,-16.394914765518493
4,136,8.078643912280848,-17.976738833199583
4,137,8.63712052581085,-15.131743734104694
4,138,9.154059802571142,-16.898598875339296
4,139,8.172443499284183,-18.986431104841625
4,140,10.667680844371635,-18.986431104841625
4,141,10.667680844371635,-18.986431104841625
4,142,12.378676576310049,-17.768623053173407
4,143,10.991899004788932,-18.608856096932975
4,144,12.454417607378534,-18.90940092948699
4,145,13.546761944302387,-18.90940092948699
4,146,14.099491238473544,-18.90940092948699
4,147,14.37496735242139,-16.76223823338706
4,148,18.23435019462531,-16.76223823338706
4,149,19.03638995099403,-18.22993717607542
4,150,16.72666045640232,-17.397951492622102
5,0,2.0,18.0
5,1,2.528801381005308,15.406362464304111
5,2,0.9757419948383417,17.01700599241548
5,3,3.0168552295080153,16.90121480698125
5,4,1.1724256032077938,13.048608636641648
5,5,-0.19492059551842944,13.80275088787829
5,6,-0.9532681822808664,16.2996817244883
5,7,-2.3973370812864108,18.149965035454468
5,8,-2.3402906113879456,18.53022578404587
5,9,-2.329787149429646,18.67756978423317
5,10,0.4333719039845909,18.67756978423317
5,11,1.2396220580141324,19.16274734410377
5,12,3.665512650793851,18.88476080634302
5,13,3.0108747961378,18.88476080634302
5,14,-0.731322942995869,18.88476080634302
5,15,-3.0178305579566724,18.13485504908386
5,16,-4.521867900001785,18.394602759048844
5,17,-2.6271955201645056,18.394602759048844
5,18,-1.2472250200616928,15.881501610644008
5,19,0.04377136496811751,14.311595865920328
5,20,-1.1367485634355607,15.93726260649941
5,21,1.5253648776451048,17.58672504184976
5,22,-0.6559796604367394,18.243157565187257
5,23,-3.2849858478002365,17.756730849470717
5,24,-5.517137708991074,14.284432249366134
5,25,-4.181230308277911,18.552006456586135
5,26,-4.838246837768399,17.59859170024091
5,27,-7.918421377057876,18.511689116207993
5,28,-7.91427798576193,18.511689116207993
5,29,-8.540854305664517,19.19549801473841
5,30,-12.281010735197011,19.19549801473841
5,31,-15.883924950153567,17.11717295293489
5,32,-14.806911080811592,18.47728378154986
5,33,-15.557850615643666,16.762175982177407
5,34,-15.583869939433209,18.35725138091915
5,35,-20.41904243625444,19.223412135349967
5,36,-20.495984090445535,18.299790372643656
5,37,-17.400122218110056,15.498459029375812
5,38,-17.183866339696348,16.36325803545117
5,39,-16.29909045863408,19.73371460259884
5,40,-15.787079272894248,19.73371460259884
5,41,-18.574865154497616,18.529020739284487
5,42,-20.950289824600077,18.529020739284487
5,43,-20.56005611185133,17.448111282335407
5,44,-20.363941643670923,19.582423912257482
5,45,-16.912648844026414,17.764820181022113
5,46,-16.314609674334033,18.64414518041337
5,47,-16.356483568222444,18.64414518041337
5,48,-10.882772601348396,19.21811315183277
5,49,-11.485721092037611,19.21811315183277
5,50,-10.876291785970375,18.194545901370486
5,51,-11.863122811047363,16.41544263955906
5,52,-15.669034909855386,19.25413021345932
5,53,-11.403518357034377,18.658778144224335
5,54,-13.399469604140553,18.658778144224335
5,55,-11.68694927462457,16.292185381072965
5,56,-11.239092452177212,14.886764674671898
5,57,-15.779134881789496,13.544208857858644
5,58,-15.641681126912395,9.929175129367295
5,59,-15.457680726102144,7.8909634045356745
5,60,-14.453997863228933,3.776702934965078
5,61,-14.11220144036419,0.7409086995967038
5,62,-13.354266583377905,-0.6936657384301055
5,63,-13.117580159747513,0.97241969880389
5,64,-9.554644537973532,0.7345065615189992
5,65,-7.111166076884169,2.304407086320632
5,66,-5.923886046416554,4.936245250489643
5,67,-7.842375268816943,3.7019044242546464
5,68,-8.875712051093009,2.9021485586061346
5,69,-10.795153937773538,3.323862414988568
5,70,-12.25023639187715,-0.056973057787322645
5,71,-12.33574987244814,-2.016495104933597
5,72,-13.833086794139868,0.6856219317135941
5,73,-13.337762901757669,0.416653584234988
5,74,-16.32596527058728,1.2037693987977205
5,75,-18.82790615844771,-1.240462829868291
5,76,-17.99955845708623,-0.9363368289597366
5,77,-22.19815058250492,-3.6639889778778962
5,78,-23.492584341673002,-0.941134729420309
5,79,-21.723988327734187,-3.4431371629409977
5,80,-20.770998487726565,-2.919651162113789
5,81,-20.72844542536446,-3.9528557093871424
5,82,-24.639950218857688,-4.483470427892578
5,83,-24.52435865415498,-6.207937826578843
5,84,-23.244071392923104,-3.765432273067634
5,85,-23.474487147667872,-5.051445761667701
5,86,-22.421673869931325,-4.721555027193951
5,87,-24.787820418495542,-6.0974956529422935
5,88,-25.0939154406301,-9.923846978425184
5,89,-26.11198978877617,-11.544274351132763
5,90,-24.306424057036274,-13.352627182292604
5,91,-22.407161519146452,-9.452307308850143
5,92,-19.296125454466754,-11.688720690224876
5,93,-21.015506499080356,-12.661627742286448
5,94,-22.799429915021612,-13.621490977010707
5,95,-21.863568407994347,-15.754037088966136
5,96,-22.052009049603566,-14.95087414792398
5,97,-22.226052582295413,-16.83723174562612
5,98,-23.35140959245287,-14.908838263779725
5,99,-24.717279129645085,-13.622823465833116
5,100,-22.15537248039099,-18.55406298998105
5,101,-24.605043838554774,-16.31967280077086
5,102,-24.602836014532013,-18.184404316733865
5,103,-28.033095339469718,-17.119283150701925
5,104,-25.308689019335993,-17.235268394378615
5,105,-26.44353040891169,-15.150722220795977
5,106,-24.922641463262508,-15.15554753236652
5,107,-22.88009924561482,-14.963277807223973
5,108,-20.382796778329705,-14.895885821998487
5,109,-18.68964371908328,-16.223239284262117
5,110,-18.35321345575849,-16.7977027948816
5,111,-18.648105568630506,-16.204199906184463
5,112,-20.065177305043775,-16.822244930074326
5,113,-19.820023422599153,-15.515200400963819
5,114,-20.946652962920847,-15.17851035747764
5,115,-25.476066713939087,-16.205456089056753
5,116,-25.336586570397603,-15.017170975742733
5,117,-25.55228106293735,-16.918924649263356
5,118,-23.50643990305883,-15.296644267679657
5,119,-22.399989313085584,-17.719216748141804
5,120,-18.930767979262907,-16.41931933820374
5,121,-18.569203752534303,-16.876817660889785
5,122,-18.42628614676919,-14.663102945737284
5,123,-15.01461263298701,-14.100381077243435
5,124,-16.468766741469494,-15.077854487974712
5,125,-15.59579260488694,-15.417926006083459
5,126,-19.11960683590419,-12.483597185766774
5,127,-21.937904433950415,-10.488545641060885
5,128,-19.585938861564877,-8.470924029312682
5,129,-19.293349032894803,-6.027888649068058
5,130,-19.293349032894803,-6.027888649068058
5,131,-15.994620649860057,-9.959239498319107
5,132,-15.508324444730425,-11.393595062399601
5,133,-15.750748437758245,-13.704173173378798
5,134,-13.774260217517345,-15.74205160961456
5,135,-12.141878692935636,-17.830236631237554
5,136,-15.94622405557824,-17.084004109470712
5,137,-15.674759640838115,-17.87882608542267
5,138,-14.332380076372432,-17.226141297725746
5,139,-13.351247896705475,-17.434988924700875
5,140,-12.48165547473323,-15.364566167921021
5,141,-13.544866362449827,-16.348928096444414
5,142,-16.54758794104929,-16.02702728124312
5,143,-18.385350364917013,-16.615593887646778
5,144,-19.0132042745217,-15.670030847646133
5,145,-19.61274170479572,-14.967069758151842
5,146,-18.751759407293005,-14.028345390043107
5,147,-18.45845225988269,-12.090002429481522
5,148,-17.743233123277783,-12.461755769281934
5,149,-18.296849473286336,-10.08822222975936
5,150,-12.960507739171494,-10.545051036235174
6,0,-21.0,-4.0
6,1,-18.990826878416446,-4.291597867823133
6,2,-15.640641330646098,-6.615494710897739
6,3,-17.751472713507294,-5.5447997600916175
6,4,-16.894873990898514,-4.018519574055702
6,5,-13.295728295009692,-1.9738571786449435
6,6,-14.847907440388274,-5.838324431525578
6,7,-19.01864769244368,-6.462076174332825
6,8,-13.246937018697466,-4.5096150553906895
6,9,-13.275853965117706,-3.1041369356488735
6,10,-17.870984541524404,-3.8809290857560903
6,11,-17.379733505913276,-5.596615382040295
6,12,-18.721555181377294,-3.2801334194211473
6,13,-20.38362436290408,-4.91726008108995
6,14,-22.525314659188464,-11.164826924603624
6,15,-20.54117094128224,-7.5995055594588985
6,16,-21.312677751823852,-4.782662472910936
6,17,-22.55732181151302,-4.657203493761752
6,18,-23.627953210770748,-6.998656278563824
6,19,-26.21243835868618,-4.780150876112993
6,20,-27.979768610819416,-5.087689459480616
6,21,-26.883728577332832,-4.858633344847527
6,22,-27.021733832158056,-5.92107069486001
6,23,-23.204678715707733,-7.9320640486855964
6,24,-22.4894083368091,-6.220108119139347
6,25,-22.35558482542408,-6.352705583183189
6,26,-24.205435220647853,-6.831312332978737
6,27,-25.102505489799103,-7.790789062016414
6,28,-27.68785439769549,-8.442534051568389
6,29,-28.799399771871272,-5.110801876174618
6,30,-28.008399323326508,-8.471482027986573
6,31,-26.32575275636331,-7.14951096806748
6,32,-24.77658539394091,-8.288950969273383
6,33,-21.263320015466178,-7.428609543976638
6,34,-21.101417903395028,-7.554135495844686
6,35,-21.961629373176585,-8.055278114634454
6,36,-22.780190741374817,-7.976513739981596
6,37,-20.061994335630818,-5.14981427462474
6,38,-19.960383043465633,-8.782406336237647
6,39,-22.101638895815608,-8.17410882794919
6,40,-21.46766219033168,-9.807717890905762
6,41,-22.29114408330908,-9.575443646895573
6,42,-18.339074068019464,-10.493060236863169
6,43,-18.8693372395531,-11.961997540909206
6,44,-14.41563237854547,-12.335675537454382
6,45,-11.953628711353598,-15.579064631818035
6,46,-12.891359014697077,-15.148396640698492
6,47,-12.821350093025504,-18.527912267766762
6,48,-14.761760805629335,-16.511165818408696
6,49,-14.89839460221161,-13.340571239329577
6,50,-8.829068869529095,-14.120099292407621
6,51,-8.25113160980567,-16.860546388572207
6,52,-12.104178224351667,-15.593501420497756
6,53,-10.054101878033011,-15.34778478519448
6,54,-10.054101878033011,-15.34778478519448
6,55,-9.98758559277784,-13.221271878406416
6,56,-12.559595980998859,-13.887099672322158
6,57,-13.093662895372226,-15.415294823505125
6,58,-13.199105243360712,-15.041814630072192
6,59,-14.232830665917618,-16.82720582191024
6,60,-12.497427363851974,-13.550076967481857
6,61,-13.939869424542167,-12.01382882290368
6,62,-13.83077039514378,-9.788929478043762
6,63,-12.743590242267532,-8.525630407026677
6,64,-13.225669846263553,-12.292103821341767
6,65,-15.369312562548444,-11.996377936786608
6,66,-16.94522182169854,-8.825916201116522
6,67,-16.500486556781027,-6.376190359491472
6,68,-14.286661452602171,-3.448989502620074
6,69,-13.830944705242345,-3.3494887261324404
6,70,-12.992701689216423,-6.364736636391138
6,71,-14.807601488379834,-7.125658433390799
6,72,-13.241215157719074,-9.786603804221134
6,73,-13.98703617147243,-7.899473607722624
6,74,-14.78290701155578,-8.093547282767267
6,75,-18.65632283600423,-5.642590937123793
6,76,-22.72737525909301,-6.791625382581129
6,77,-24.588686409079962,-5.0106232866024545
6,78,-24.405749707845445,-5.710122465881373
6,79,-23.05411901418357,-7.573533650539863
6,80,-18.55117937347674,-5.362096836873834
6,81,-19.83034864742399,-5.019407670606699
6,82,-20.294061380758087,-5.9416973889259515
6,83,-20.733436948244904,-4.005532955755331
6,84,-19.003053329273406,-6.036017777176641
6,85,-16.58503336007859,-5.882805016708032
6,86,-13.962252991939554,-4.405188258178463
6,87,-14.120774943326785,-7.622449062940822
6,88,-13.794238018589384,-7.932567620052241
6,89,-10.317429628588293,-8.92243059373735
6,90,-10.723214011323105,-7.410437901511935
6,91,-11.446649998940222,-6.589794680247543
6,92,-12.52586046980973,-8.67147732909082
6,93,-10.661169169754569,-5.641817176859499
6,94,-10.3558983081146,-4.906032159052937
6,95,-9.639580975999277,-5.385274839865055
6,96,-12.233196863297511,-4.594881479042977
6,97,-10.190513124277658,-1.7728604782335413
6,98,-9.473951002827405,-3.734714320447547
6,99,-10.085033062099631,-4.467298165510481
6,100,-6.607928217132658,-2.149476164457577
6,101,-6.749824690361386,-0.15389606805206468
6,102,-8.660265982935801,0.014985046491193088
6,103,-9.221074875294889,-1.3680293600941473
6,104,-8.54612332517119,-1.2795216891223236
6,105,-8.794251852888191,-2.2386456813809654
6,106,-6.788842850813644,-0.21754013103537906
6,107,-5.085548752992055,-2.438700498138415
6,108,-1.8801597069848417,-1.1243363420703596
6,109,-2.733632073170667,-2.7209869417656467
6,110,1.357553403269831,-2.963243411106463
6,111,1.9324833511490136,-2.1973240604897377
6,112,1.1685905807405832,-1.4043084903104273
6,113,0.6652982466091794,-0.20364827501031302
6,114,-0.749701558679826,1.132847050780257
6,115,-1.7655471711027966,-0.26189496987342165
6,116,-4.034404841538487,-0.39634412604393254
6,117,-3.309892465168751,1.0744188240882928
6,118,-4.062448311809352,3.55593268342026
6,119,-2.6930513901116475,-0.8861966111972444
6,120,-1.3193633415325985,0.2022055443549171
6,121,-2.2845970008586693,-2.2331462916771834
6,122,-2.5599362673509565,-0.5045273319313632
6,123,-3.201061282014444,-1.2869746743629036
6,124,-1.5690128614890204,1.6734191876081255
6,125,-0.7636474593386416,1.3252657002280184
6,126,3.391610158622603,0.945183652970468
6,127,3.1770482914969445,1.0068652567046463
6,128,4.036797368878398,3.3623337352103513
6,129,4.692303624271291,1.3950794002178772
6,130,3.6179067648358822,2.759150551870351
6,131,4.170435601339649,4.791532950164974
6,132,4.593143239496563,3.6306662699802934
6,133,4.398793788990366,4.8123712079636976
6,134,9.216952884258514,6.70834045610768
6,135,9.948567864335608,5.3138192997228835
6,136,11.218787431702847,9.10702518990731
6,137,11.307186755208907,9.637972987527828
6,138,12.008320429053727,12.383783217968325
6,139,12.209160373303165,12.822998018278915
6,140,9.456675490800048,10.582058602607196
6,141,11.018096435055327,8.62182900831245
6,142,13.014590300055813,8.320319293196414
6,143,15.560991111849095,9.20100442246529
6,144,14.891979501999478,6.460481435888438
6,145,15.800265720272794,9.754698332421986
6,146,14.658613648259067,10.200469301470582
6,147,14.036475931081467,13.869265523845295
6,148,10.869711017854346,13.179973897477172
6,149,9.58476498515305,11.742214925758342
6,150,9.643411798959056,14.652628649849342
7,0,-10.0,17.0
7,1,-5.274260380809813,17.61358449729437
7,2,-7.51879341751009,14.489011947902355
7,3,-8.875583379588976,13.911690272543295
7,4,-10.608864309381069,12.798516192383763
7,5,-11.532027930439089,12.692387735126449
7,6,-11.199150165960123,14.140995254572307
7,7,-11.781114809479629,15.892425827095304
7,8,-12.047790320798557,17.392388066215048
7,9,-10.637046176638773,16.26174809215685
7,10,-11.103458173254117,17.992622087142966
7,11,-8.997563734227521,16.30992551080351
7,12,-9.84185943936477,16.86317346691114
7,13,-13.212851677108947,18.330153272000956
7,14,-12.102635026228004,19.242520680589823
7,15,-9.488255023594188,19.242520680589823
7,16,-5.964671234085685,16.19114411190497
7,17,-7.53890161677664,14.923723326497797
7,18,-6.81941317790315,15.374763568881756
7,19,-8.752413057429651,18.427584689510873
7,20,-8.599639800377032,18.12051515830798
7,21,-6.6908259866786715,19.31023995457596
7,22,-7.677312464775966,18.944431904785617
7,23,-7.384993417161291,18.944431904785617
7,24,-9.090160329072823,17.93920394587334
7,25,-7.665186333901002,16.58125257638017
7,26,-8.07879259658593,14.63481137969384
7,27,-7.893640648229357,11.137638279971327
7,28,-8.11985854760354,8.843779722080345
7,29,-8.78188170609206,11.426018151794509
7,30,-11.85478032108476,10.245178725201205
7,31,-12.218832179745624,13.24482657935109
7,32,-9.395071444602895,10.951206624243822
7,33,-9.132328839064085,11.5980727517373
7,34,-7.911332114109046,7.785764933334999
7,35,-8.751711544767565,10.54199870735655
7,36,-7.586814415711613,11.673292594532558
7,37,-7.77112016049919,14.245684505989576
7,38,-4.867418731972712,18.410737172328464
7,39,-5.183393451738157,18.937117634242
7,40,-4.566303121256364,18.133767613110248
7,41,-5.622369318346387,19.61625852900293
7,42,-8.745568565259791,19.61625852900293
7,43,-5.2502007431936875,19.61625852900293
7,44,-0.2596357177027935,17.385663467441763
7,45,-3.710202466495822,19.672080342596644
7,46,0.7458618305164189,18.3208389269997
7,47,1.5321512440032659,19.116745308996144
7,48,0.6093821615628788,19.116745308996144
7,49,-0.060044937022601275,15.379918489698392
7,50,0.10369005329193737,15.201037516056761
7,51,-1.867020619064417,17.730089442453036
7,52,-1.7169289370842624,17.678928123807882
7,53,-1.5484050135894853,17.681769594448404
7,54,-4.15116118065535,19.33340684019132
7,55,-4.675686777606567,18.625097113608476
7,56,-0.30723644243007175,18.67246248466016
7,57,-1.0394259821351821,16.237774552279816
7,58,1.1182162790150159,16.237774552279816
7,59,2.1040212775973757,18.42170954980398
7,60,1.0989420841665782,14.132364994353487
7,61,-0.38915186070014496,14.820354226920815
7,62,1.4873838907594374,13.1670780780952
7,63,3.237281346214713,15.517411351414305
7,64,1.0417935857340601,13.326536835317519
7,65,-2.2160051927721205,12.789245107101296
7,66,-1.7427261655820896,9.04087429952343
7,67,-1.2236723439725274,9.87837734932327
7,68,2.9107016969420743,7.1751752138767735
7,69,1.871056795506258,8.856467578072799
7,70,0.5542042431270404,7.539380227736501
7,71,0.477328026350832,5.138668156048192
7,72,-3.388721621165219,4.696766288414855
7,73,-2.9982017683290683,4.598911063475119
7,74,-6.093432798096197,2.994944428807547
7,75,-6.893659849221649,-1.0954669223991775
7,76,-6.159575352221874,-3.1831419289671206
7,77,-5.907802992199855,-4.346755547770028
7,78,-2.5654284143386845,-1.847557041555853
7,79,-3.2079466792279994,-2.1712366795350913
7,80,-6.322671384544998,-2.6756203702343826
7,81,-4.684955879803371,-0.9909496432513332
7,82,-6.553161522643055,-3.654805436222548
7,83,-10.709769837737223,-5.673128636492307
7,84,-9.039033928265233,-5.340437845443172
7,85,-7.292409136575919,-4.900177252129445
7,86,-7.292409136575919,-4.900177252129445
7,87,-7.195062460925026,-3.4525141484893513
7,88,-7.573859314826719,-3.5579651947539195
7,89,-8.038940172370596,-8.619247279051416
7,90,-9.799989142413144,-5.871176551317358
7,91,-9.799989142413144,-5.871176551317358
7,92,-9.29374871245864,-4.691667539420553
7,93,-7.191416419827308,-1.5738510708927058
7,94,-10.405571099373551,1.1522577392140674
7,95,-13.33746825181103,4.342414929086845
7,96,-15.352208272642299,2.794607347984762
7,97,-17.729839569705412,-0.45810010239175547
7,98,-16.777462965003224,-2.5186003751978223
7,99,-14.751314808658565,-4.3691354593809315
7,100,-16.663151168963566,-4.413245757797161
7,101,-20.092613663866018,-2.6208152342681297
7,102,-20.092613663866018,-2.6208152342681297
7,103,-17.894333990423828,-4.006336627293557
7,104,-19.96133672414329,-5.678372816874146
7,105,-22.789722958295467,-7.8783954177963444
7,106,-22.4844059746076,-9.381248425917045
7,107,-20.00725026394303,-7.088967631763997
7,108,-18.08393096177821,-6.677387898961643
7,109,-17.401224928809576,-5.208634844511046
7,110,-18.257088143472913,-3.9966196466259047
7,111,-20.77155417831105,-3.9029671892707083
7,112,-21.69355975175738,-4.925939295420754
7,113,-24.672347074982014,-5.687668633680384
7,114,-24.064298186070666,-6.010107575066696
7,115,-21.140869946538817,-8.037570596061215
7,116,-20.689189226935635,-6.111563339848415
7,117,-22.140810750072728,-8.606895619269006
7,118,-22.140810750072728,-8.606895619269006
7,119,-20.21722666246978,-9.187185495389583
7,120,-20.959577866515573,-6.5280285053885665
7,121,-22.526212153033327,-3.863307689295205
7,122,-22.934982102262065,-1.5051138997962639
7,123,-22.934982102262065,-1.5051138997962639
7,124,-22.2443087765558,-1.4859695866134248
7,125,-21.63499319534346,-3.3643221122844
7,126,-23.673118357789164,-0.314913035036545
7,127,-21.945419508354643,-0.7778448318418234
7,128,-22.99912240034465,-1.0717167760776203
7,129,-21.378944101950502,-1.3348458153029457
7,130,-24.445404270427954,-1.0058334619500984
7,131,-22.74131810689779,-1.6972500623036666
7,132,-20.35523094724085,-1.217627544602214
7,133,-20.539016517717734,-1.5280595338812022
7,134,-22.812491433841096,-5.2667815337140285
7,135,-21.692444820233238,-1.625646257260259
7,136,-21.623161060561863,1.2390170382503198
7,137,-19.62371275222447,-0.32363948814686494
7,138,-25.256964579672367,5.937262497407346
7,139,-22.6610437874928,3.766949157458627
7,140,-25.890155983224894,3.8760031936854675
7,141,-26.237725274728458,6.863467184003593
7,142,-24.916613952282788,6.8682146344843265
7,143,-24.2702153637391,6.483481485911588
7,144,-25.508202442532806,4.529514274409728
7,145,-24.337841842981426,3.896879479636147
7,146,-22.647427454302864,6.485182654616585
7,147,-20.9775329167793,4.971575067761512
7,148,-19.15319141343416,5.123537323367441
7,149,-21.38853908127897,3.5186051296045955
7,150,-19.720574901642667,2.2605596994158432
8,0,-7.0,-12.0
8,1,-8.988137812402345,-11.07709041848944
8,2,-6.832938587939088,-10.854953205208371
8,3,-5.458851447018926,-10.41300495815307
8,4,-7.591311322551414,-12.822492486174152
8,5,-6.970360248906485,-14.17821929067803
8,6,-8.867936559320963,-15.637994799275365
8,7,-6.656658630529712,-18.067041755959053
8,8,-5.779399750591262,-18.105677559508564
8,9,-5.867317647309719,-17.44791501415242
8,10,-5.545063230147663,-17.44791501415242
8,11,-9.246389928453755,-16.876733232969556
8,12,-5.134950417470963,-17.179019590035363
8,13,-5.363327132973915,-18.234659418688288
8,14,-8.292953651035559,-19.094481911345227
8,15,-3.6905693060392277,-19.094481911345227
8,16,-2.6341849184531805,-19.094481911345227
8,17,-2.322751551538281,-19.094481911345227
8,18,-1.5262072682377301,-17.77211266382499
8,19,3.531671858587962,-16.350628621929012
8,20,5.147100991132423,-14.89016644741889
8,21,4.116608652500222,-10.364514041609818
8,22,5.75954912947903,-10.76580055045483
8,23,2.67233496478365,-9.753333452783638
8,24,-1.8147407483590983,-12.331565944958525
8,25,-4.764951875918949,-13.81897233050887
8,26,-3.635048805506778,-14.463175460215547
8,27,-7.673992878584706,-16.247248411068913
8,28,-8.612395893321212,-18.34615866057816
8,29,-8.085259773030876,-12.475637842892876
8,30,-8.681669213782548,-12.873610666974825
8,31,-8.294356983412777,-12.000034882627986
8,32,-8.696519202996978,-11.989306336322759
8,33,-6.083354740938526,-10.629099545632622
8,34,-7.827148125944247,-12.396715249550962
8,35,-6.572496672626723,-13.314661402024282
8,36,-7.160907990356548,-12.772418718316596
8,37,-5.260220284384853,-15.848267461041214
8,38,-4.02176002698959,-16.184239286126797
8,39,-3.1129262265544844,-18.653456059057007
8,40,-2.4400966994656805,-19.32020050304569
8,41,-0.7698501059519325,-19.32020050304569
8,42,-1.2018301142693015,-18.855969686267507
8,43,-3.84397226279399,-19.72633250937058
8,44,-3.577212230211325,-18.737618054264903
8,45,-4.138448893502559,-17.67197230493846
8,46,-2.878820773429037,-17.140480340830102
8,47,-2.3753595032370614,-16.030671511932276
8,48,-2.0911445755231837,-16.59195736690798
8,49,-1.366596852557695,-15.019273465326984
8,50,-1.856919698582675,-11.065156736666424
8,51,-1.414305710291712,-9.960532755825204
8,52,0.8710743529164942,-10.717990213556376
8,53,2.183578400905149,-6.337375941582332
8,54,0.13156368403588115,-2.4539187534768323
8,55,0.13156368403588115,-2.4539187534768323
8,56,1.5129063430046892,-2.273905686680974
8,57,-1.2338968298161697,-1.916888992389802
8,58,-1.276872380284014,-0.3676432366994984
8,59,-2.4178855908956276,-4.42952705429011
8,60,0.3963294073295698,-8.84588660586531
8,61,1.601571849319008,-6.070434663176363
8,62,5.345651549757838,-7.0896528355266035
8,63,5.5768718012503555,-8.032460570718749
8,64,4.321915223785112,-8.407265651912887
8,65,5.27358586533075,-11.112021045953226
8,66,7.382327750095614,-13.567336882125392
8,67,7.4504462020672575,-14.703940111757477
8,68,10.19402348406656,-17.873778530888075
8,69,6.407524807892453,-18.159117373563134
8,70,4.557384406745927,-18.181463633942716
8,71,7.504732449191248,-17.384232253719148
8,72,10.217145898481359,-18.164017159915282
8,73,10.223478223954606,-14.971502055457965
8,74,9.204258778631615,-14.8643736371819
8,75,9.44153087932057,-15.629975909123257
8,76,5.298922539410184,-16.587686757652953
8,77,8.032853339996175,-16.587686757652953
8,78,9.87368561369095,-14.053295537801018
8,79,10.629998726883558,-14.962296294898678
8,80,6.450906529927685,-12.443195713881535
8,81,5.336449412536659,-14.468474742324133
8,82,7.84284463866813,-16.803117008025882
8,83,7.97136302517306,-15.319095305991695
8,84,9.225797303060672,-18.28116445324748
8,85,8.533191965838416,-17.400485469692633
8,86,8.533191965838416,-17.400485469692633
8,87,8.693366636369046,-19.114307591116997
8,88,11.5910257915627,-19.114307591116997
8,89,12.76378670447388,-15.067587329351827
8,90,13.650338912532565,-13.27465229419731
8,91,14.708444567324959,-11.542275351513046
8,92,13.360937084812235,-12.582173847120199
8,93,16.61503344068206,-9.725244224151432
8,94,18.82142300223998,-9.401371483048381
8,95,18.37011658598272,-10.991334287057674
8,96,16.658100922984346,-10.419771321092773
8,97,16.91397696787122,-10.40046436447605
8,98,14.203197878154278,-10.63618580478628
8,99,12.12761029318993,-10.903687876212173
8,100,12.499295144802858,-14.155178169801744
8,101,8.588229144527377,-15.913782560347995
8,102,7.410353982985274,-16.683702999242332
8,103,8.824080731648088,-17.066305870565028
8,104,10.31491823876932,-19.637513261894092
8,105,9.395906386967006,-16.81053480750671
8,106,10.438670047246195,-18.283256108202952
8,107,14.285497197559794,-19.386123623315658
8,108,17.062820102685485,-17.634651806629844
8,109,18.1345911144753,-14.941808563878425
8,110,18.747889794676638,-15.753731983757326
8,111,19.55138065005192,-15.414968397208925
8,112,20.31729869457647,-14.04424191051918
8,113,21.696224722041592,-13.240761200434559
8,114,21.730226029332357,-16.598426760113707
8,115,22.324449742377375,-15.829001350419178
8,116,20.34300091852,-18.532433020763715
8,117,21.690263383736088,-19.662428289738475
8,118,19.58443992728621,-19.662428289738475
8,119,20.377182259095257,-19.720760402937643
8,120,18.7225615320432,-18.522735696055474
8,121,19.047513453078338,-17.24408130781747
8,122,18.43367879522819,-13.639234103996884
8,123,18.464850102042547,-14.72765668183526
8,124,19.180931545541213,-15.517524209394999
8,125,21.38479429823813,-16.26239489122034
8,126,23.06479810636912,-16.622591084878838
8,127,22.728365538291705,-14.85360900944002
8,128,25.182181789188014,-18.141521890065963
8,129,24.474416038493104,-17.550424186018496
8,130,25.900058719803503,-14.038431694749795
8,131,22.236657952353994,-13.738671892293448
8,132,22.849006379847868,-11.895430848270692
8,133,21.49314896457778,-10.135680954391479
8,134,21.558302634734787,-6.901820570204969
8,135,21.2383571338905,-9.562122944504905
8,136,19.395716055030416,-12.550432393249162
8,137,22.305914820539535,-12.224546947130266
8,138,19.419666187752682,-14.548186932174035
8,139,19.412735343257967,-14.188597106228197
8,140,20.17480860221504,-12.249736472776457
8,141,21.285297708416213,-12.733223976636717
8,142,21.80999692394501,-16.424034222277392
8,143,26.945529591449247,-16.68804045330078
8,144,29.101505957313222,-15.182751684279076
8,145,29.790542860162518,-13.521464025370566
8,146,29.790542860162518,-13.615031847211311
8,147,29.790542860162518,-9.106433219584225
8,148,27.87845765611065,-5.820893782205873
8,149,28.13325957642913,-10.55737790455369
8,150,29.06694307091074,-10.015787315411297
9,0,-28.0,-11.0
9,1,-24.96067491577394,-14.004153972111501
9,2,-23.467424588515858,-15.779617872927822
9,3,-23.196382832676655,-17.90731546410211
9,4,-21.184502501345236,-18.259544080456084
9,5,-21.541454922544084,-15.335118087429668
9,6,-22.6968764785934,-17.72853668083821
9,7,-19.72929549373658,-17.72853668083821
9,8,-20.137029285424862,-17.72853668083821
9,9,-17.731645702329747,-19.656579155059994
9,10,-21.332551868241097,-19.638311739325516
9,11,-21.377489301378045,-19.638311739325516
9,12,-23.275160692196845,-18.30944576439222
9,13,-26.549343562003656,-18.30944576439222
9,14,-24.754424061132028,-18.30944576439222
9,15,-23.315489054374392,-18.304656099463557
9,16,-22.978513705949414,-15.386247039045793
9,17,-19.921524833781646,-17.43299034234579
9,18,-19.05429907566969,-14.751211855433601
9,19,-19.33106613256736,-14.687746204016749
9,20,-15.106588024558746,-17.237315234281894
9,21,-13.557198539376701,-18.496170632143095
9,22,-12.517915305085811,-19.251510303448246
9,23,-10.774060719634685,-19.251510303448246
9,24,-10.420444388023297,-19.251510303448246
9,25,-11.527654074757963,-19.251510303448246
9,26,-11.1973913985805,-18.905431083096506
9,27,-11.233543934666178,-18.859638641545377
9,28,-11.370914396974872,-18.859638641545377
9,29,-14.788203468366898,-18.859638641545377
9,30,-13.18775207114811,-15.900252815845414
9,31,-14.535835340491182,-17.63096672545469
9,32,-13.215673315864496,-17.232306491812636
9,33,-14.851546700130939,-18.536107280902165
9,34,-14.452133834110661,-18.703306652241473
9,35,-12.322736471039404,-11.92608308910225
9,36,-12.34925363234119,-14.018715791046152
9,37,-11.765431620724716,-10.632465310706275
9,38,-12.728786634987502,-13.352911533440087
9,39,-11.387841502667456,-13.353964875237105
9,40,-13.742660534414918,-16.427499241334914
9,41,-14.15002367253197,-15.229966089881184
9,42,-10.203609913436432,-17.924628699964412
9,43,-12.775894719450406,-18.501148593344944
9,44,-11.912910975878852,-19.030349015637743
9,45,-9.460945206988837,-18.203858339397883
9,46,-6.21742834180751,-19.779524275632532
9,47,-3.2562523598172706,-19.779524275632532
9,48,1.1664473846143513,-19.779524275632532
9,49,1.5252624314934153,-19.23303166565693
9,50,1.1822762086718628,-19.424560009771383
9,51,2.6053337620055146,-19.424560009771383
9,52,3.915931191194816,-19.424560009771383
9,53,5.491739031149256,-18.19860545216391
9,54,4.278351827192335,-18.19860545216391
9,55,5.254868422324609,-19.773766108819924
9,56,3.857276591274851,-18.916794622142202
9,57,3.9695578683172497,-18.916794622142202
9,58,4.059883271262809,-16.70382141232894
9,59,2.573980419329045,-13.050912300339068
9,60,3.3208893146306195,-12.894987042654968
9,61,0.08536308299311957,-11.528655923017523
9,62,-2.9047866811933214,-9.08414093946168
9,63,-2.829466157632793,-9.693031379850328
9,64,-1.4517522070040065,-7.642926306062609
9,65,-0.6176407187380496,-9.606160729404206
9,66,-3.1243664728081773,-11.738223194969834
9,67,-0.35092621183008843,-13.034162712958766
9,68,-2.3144368478197643,-14.720036464396044
9,69,-5.914031046621618,-14.207891406282274
9,70,-6.442341503691894,-16.04805144730426
9,71,-1.505347294381898,-19.011388722612594
9,72,-2.375234540832591,-19.7236658093645
9,73,-0.22152297228865736,-19.7236658093645
9,74,3.555375311226783,-19.7236658093645
9,75,-0.8978199263019522,-19.7236658093645
9,76,-3.863308341102403,-19.7236658093645
9,77,-9.568083480673334,-19.7236658093645
9,78,-10.830537600514736,-19.274910875123446
9,79,-9.894621084510426,-19.274910875123446
9,80,-7.633231041783062,-17.571205099819103
9,81,-8.043954267210076,-17.571205099819103
9,82,-3.8645411727090533,-18.878153024842426
9,83,-4.392163154780048,-17.279818216331563
9,84,-8.589308053102151,-17.305336561389012
9,85,-8.589308053102151,-17.305336561389012
9,86,-7.147250838331054,-17.305336561389012
9,87,-5.830295364749148,-14.377086111097864
9,88,-8.058608744182186,-15.757001643435222
9,89,-8.702597569668995,-16.60698548080904
9,90,-4.395629941003773,-16.440191429536092
9,91,-1.0524377218360286,-15.539030637370509
9,92,-1.4075306802778078,-12.995155846427952
9,93,0.9016667520901449,-12.143724335255325
9,94,1.0162103070317028,-14.094810520235772
9,95,3.477020652584753,-12.51060652935305
9,96,2.6783306210746436,-10.908238310322943
9,97,2.9612648061809885,-12.662224547420989
9,98,2.235271541773692,-12.271961245791397
9,99,3.8726500724975788,-12.204537954561061
9,100,2.3615230201996136,-7.241265527236771
9,101,2.6684749254879385,-6.690683703952831
9,102,3.840891056530319,-5.21019713006927
9,103,6.03653389600161,-3.5521468215265344
9,104,5.90903258426997,-6.9810898685202005
9,105,7.686812054233634,-8.736517895480121
9,106,7.427713440880419,-12.571195249617254
9,107,5.890861549150486,-11.055310253170594
9,108,6.059487757848245,-10.762831882224827
9,109,4.691946353799557,-8.190104689269772
9,110,4.46811675712197,-9.292064823093002
9,111,3.148000474503071,-8.786847642801673
9,112,2.838958626302532,-10.725537007739058
9,113,3.5638811311015437,-7.98600589318018
9,114,3.4977799514227823,-8.75472455544317
9,115,4.656924533771,-6.9637778311956025
9,116,2.8263228131078346,-4.851711596925335
9,117,2.5419548523551767,-3.319312982486793
9,118,7.185129487011876,-6.434457045027537
9,119,3.3420215225218555,-5.060539975337505
9,120,0.5364793184467298,-2.528883773644013
9,121,2.492951289228735,-2.363038669481026
9,122,0.1190507998502719,-0.5297005306088811
9,123,1.6272138898680315,1.4695758821976788
9,124,3.8274596157584573,3.29674200048343
9,125,5.842387658291706,3.692026538775802
9,126,6.993168799054623,4.939439406611277
9,127,5.687759743650989,7.497874013681102
9,128,3.766954508267763,8.74333379651626
9,129,3.762876092878099,9.24649165100384
9,130,4.1137673168935756,6.87151770254001
9,131,6.143721090980003,9.624814619187106
9,132,3.780724115299851,9.540876557213736
9,133,7.846566674873706,10.599228651526598
9,134,7.649558153135995,9.750716135087133
9,135,8.950009597351912,11.070389551580261
9,136,11.199330487083756,13.388617058502351
9,137,10.285911311185005,16.39295143124303
9,138,10.285911311185005,16.39295143124303
9,139,12.344324262422585,13.824293193860436
9,140,12.881828122199652,16.274646615408546
9,141,17.21376086977299,16.274646615408546
9,142,15.540416777688364,11.71255983353167
9,143,17.44224107389241,11.667096667978734
9,144,16.95978794568914,7.574621767855698
9,145,17.969582518667764,3.589608923730429
9,146,16.72695596138744,1.8358013334700556
9,147,17.33637487501783,-2.5417461465039666
9,148,19.510429451747907,-3.098349704797826
9,149,19.999784320697234,-5.575818093293208
9,150,23.07912360506523,-6.750825029646352
10,0,-4.0,-5.0
10,1,-5.944065335801156,-5.962098674457415
10,2,-9.304360343002868,-6.925977029066523
10,3,-10.692452356378961,-3.8928222112657056
10,4,-7.497830527578181,-6.595266301671675
10,5,-6.959425607601525,-4.4887979722360845
10,6,-9.781911341095299,-8.928947252644337
10,7,-9.926479114443204,-10.075796405498776
10,8,-9.640878503408638,-9.238386206551299
10,9,-7.714806446304105,-7.502690250430811
10,10,-6.646148264073919,-6.476072815586383
10,11,-6.768828916823573,-8.240844858096718
10,12,-8.815457074081065,-11.600868652041182
10,13,-14.566356778911633,-9.994369599717295
10,14,-12.35380483590361,-10.81263786687243
10,15,-12.08501596663637,-11.258975225923548
10,16,-14.466579459898444,-12.497892048916
10,17,-12.826788612349457,-13.379896586490498
10,18,-9.2191841832952,-12.648367891747544
10,19,-8.179124665035326,-11.63417863698023
10,20,-9.263493080786347,-12.373848260686584
10,21,-7.905980289533653,-10.926881155345058
10,22,-9.94356250334285,-13.64368859975579
10,23,-11.841484315491924,-11.393733073449335
10,24,-12.447009886974529,-10.425291994295517
10,25,-11.20937098451559,-9.783177824566193
10,26,-9.670079953880009,-6.951894129820889
10,27,-12.616883048427738,-8.825999834560026
10,28,-16.396656386701643,-8.887874573797802
10,29,-14.848291945187642,-9.298074387840948
10,30,-16.355055254642682,-6.137718343345509
10,31,-18.224990873689343,-5.637158587778785
10,32,-19.606332710145594,-3.4265627781968693
10,33,-18.19408396749911,-6.096570069507712
10,34,-17.865422780091397,-4.385328696894592
10,35,-15.653968792839745,-3.7289744231573403
10,36,-14.852509202244589,-8.592428835288793
10,37,-13.936293588602442,-5.862587631371758
10,38,-15.989346099452709,-9.359946679064802
10,39,-16.6129779460582,-10.421913616663804
10,40,-14.74618095654596,-8.27365259468473
10,41,-16.122522850414487,-6.896523074987545
10,42,-16.941112572679877,-6.90478037406025
10,43,-16.941112572679877,-6.90478037406025
10,44,-17.49864229562852,-6.989206971625748
10,45,-19.751907474225924,-9.873601628797575
10,46,-21.269771458346856,-8.418720387075751
10,47,-20.45502453882276,-10.401114890988257
10,48,-21.32884899420471,-12.173281198538824
10,49,-24.599705164052736,-11.297091064442936
10,50,-25.790320597422166,-10.945208269691623
10,51,-26.175812189091513,-11.185195965262063
10,52,-26.69820874570995,-13.205936253479942
10,53,-26.314394804247375,-11.949603432626065
10,54,-26.314394804247375,-11.949603432626065
10,55,-26.314394804247375,-15.103095607870245
10,56,-26.314394804247375,-15.103095607870245
10,57,-28.55715797383998,-15.82010629247317
10,58,-28.55715797383998,-14.449219092889615
10,59,-27.27676332707603,-13.44540123718721
10,60,-28.511115105221215,-16.620976887979634
10,61,-28.511115105221215,-18.854303027341576
10,62,-29.563229957184365,-17.266215103338926
10,63,-29.23242665153278,-15.68112356539982
10,64,-29.26950090309258,-17.93163933634161
10,65,-27.885298646232584,-19.488171809983413
10,66,-25.32444118669249,-19.488171809983413
10,67,-25.32444118669249,-19.488171809983413
10,68,-27.201544463069148,-19.488171809983413
10,69,-24.072091958350466,-19.488171809983413
10,70,-22.26986433663289,-19.488171809983413
10,71,-21.789359531055727,-18.16613325911953
10,72,-21.794146651972014,-17.719291842624322
10,73,-22.88098528075229,-17.248502683750626
10,74,-23.83186899486295,-18.926340789676296
10,75,-22.402767021069554,-18.926340789676296
10,76,-23.014465253394377,-18.926340789676296
10,77,-22.087634298774198,-19.450829989734718
10,78,-21.680814725679095,-19.81702595977688
10,79,-22.79580832592674,-19.81702595977688
10,80,-23.48819718664596,-19.93816389049232
10,81,-23.31093136039078,-16.607919372727682
10,82,-24.34934157800025,-17.58225783069948
10,83,-24.54639255145784,-15.161883906721158
10,84,-26.795019801888877,-17.279189588285835
10,85,-27.120921693519612,-15.551788163836314
10,86,-28.68976397250125,-16.281915106130498
10,87,-25.92570567808946,-15.08864749490419
10,88,-29.403211664992064,-19.32151394684599
10,89,-29.403211664992064,-19.89249659065192
10,90,-26.2569641600114,-18.570805614914757
10,91,-27.184901579485455,-18.570805614914757
10,92,-27.33667604012329,-17.63459326145316
10,93,-25.327649375026468,-14.94398387571165
10,94,-25.621862242710957,-16.98655261605316
10,95,-27.5699334310027,-16.995593663754764
10,96,-26.895665546685155,-17.901433033016644
10,97,-25.87726710599357,-16.582406312791218
10,98,-24.45433143859141,-16.582406312791218
10,99,-24.6711336773468,-16.6009680876577
10,100,-27.445864928291858,-18.334530259005234
10,101,-27.450474812698584,-18.738463560993694
10,102,-29.57060361342811,-19.330021592671972
10,103,-26.226839448693283,-19.330021592671972
10,104,-23.514467030141837,-19.330021592671972
10,105,-21.892934235634133,-17.398924948860824
10,106,-20.82639800352396,-15.161615216690896
10,107,-18.24092612210422,-14.696594910436403
10,108,-12.74535862438296,-13.154798307800947
10,109,-9.371286893324854,-15.572781966989409
10,110,-9.371286893324854,-15.572781966989409
10,111,-9.881728236880363,-14.388392818063547
10,112,-8.704752488150943,-13.940225337329935
10,113,-10.24944499446998,-11.8108358747462
10,114,-8.348533956305227,-13.660470844096638
10,115,-11.296210960185736,-12.506337725682302
10,116,-11.296210960185736,-12.506337725682302
10,117,-13.80978960002504,-12.397785613867825
10,118,-10.957637735856471,-12.809930756584857
10,119,-10.513308573559971,-11.421231925114467
10,120,-9.031119759826064,-12.858064989057988
10,121,-8.117202071957436,-10.969538134676185
10,122,-10.990138569350234,-10.858629233118952
10,123,-7.596002200802011,-9.543880897344563
10,124,-6.285533478893072,-9.742203161460427
10,125,-8.159018917701863,-9.542489874801563
10,126,-3.0890635137606672,-10.93454454651795
10,127,-6.133169870334532,-9.159363885270912
10,128,-7.120144370050181,-9.968547665165545
10,129,-8.515703962080952,-11.325448447162772
10,130,-8.144086503696139,-12.340008633279295
10,131,-7.523681177777008,-10.29212178656734
10,132,-8.861410617008618,-13.125277027386977
10,133,-8.807357257761907,-11.464703586355359
10,134,-11.939540356473849,-11.259214031545177
10,135,-15.743728199754768,-12.007585966465061
10,136,-15.904072782769125,-11.771252544954159
10,137,-17.579044850524962,-12.277030756749348
10,138,-17.711477657100396,-10.486150427823443
10,139,-20.682569153778676,-11.756557659260658
10,140,-19.9895879213703,-12.380590902725137
10,141,-21.11163863584733,-14.622818070815848
10,142,-19.5421860123391,-11.410407506709294
10,143,-17.85104100633736,-11.045968715163063
10,144,-19.815070439035186,-9.383892681344555
10,145,-21.137289308992514,-11.835268029261604
10,146,-20.43677479720129,-14.541423860483745
10,147,-22.88260668668112,-15.69900265613254
10,148,-22.870434488026795,-16.709353594034006
10,149,-26.209946893013196,-19.24402960579733
10,150,-25.113706966639885,-18.24292810633458
11,0,-29.0,-13.0
11,1,-28.577817817362877,-12.684167993274851
11,2,-28.577817817362877,-16.398913770410633
11,3,-29.653352449177447,-16.398913770410633
11,4,-29.653352449177447,-17.41390517870675
11,5,-29.653352449177447,-19.068701053024622
11,6,-29.653352449177447,-19.068701053024622
11,7,-29.653352449177447,-19.068701053024622
11,8,-27.917592584670583,-15.733315628773322
11,9,-28.918106714355655,-15.368278199445434
11,10,-28.405462306948962,-15.857165252092948
11,11,-28.02126148212104,-15.423113690027307
11,12,-29.426568427046767,-15.196864447819861
11,13,-27.112026296952187,-12.033213160847703
11,14,-26.55547296653101,-10.427973346963313
11,15,-23.495328585667963,-7.721163617051453
11,16,-24.042158306869965,-10.23402172391106
11,17,-26.556051585572874,-10.449920241775658
11,18,-25.219974915029326,-9.298200435892651
11,19,-28.445637358900484,-8.791930868711459
11,20,-28.927009191011507,-6.517028629223018
11,21,-27.91507329568561,-5.331547916321653
11,22,-27.91507329568561,-5.331547916321653
11,23,-29.313721923694853,-6.7135793220476
11,24,-28.015159349689498,-2.98882490178341
11,25,-25.496986793644336,0.9282629808390164
11,26,-23.81714572071593,-0.09276959761540282
11,27,-24.561496077025883,-0.07660977865927085
11,28,-20.899188035610806,-2.162124560227518
11,29,-23.663003745122023,-1.8677753672306414
11,30,-23.997987210639277,-2.8125405353136763
11,31,-21.703806164602476,-2.325132692545028
11,32,-21.746171137332063,-4.649007154770167
11,33,-21.129692653686224,-4.122385123624532
11,34,-22.22584204875244,-5.416570172042532
11,35,-24.412678813558266,-3.9497660850892666
11,36,-24.37963819261188,0.2390305689497385
11,37,-23.372086465444703,-0.5955208122424565
11,38,-23.269108626965327,-0.8305358105906767
11,39,-22.99975426692668,-1.938616362685511
11,40,-20.34276692251815,-4.216197742772809
11,41,-19.79809195929583,-5.444376050101857
11,42,-18.931118804584347,-6.478623888664954
11,43,-18.79398343177714,-6.229229528193627
11,44,-21.369701589158293,-4.8437194446937255
11,45,-23.583703788331363,-3.0332657528813654
11,46,-25.245746167617064,-5.574156278227774
11,47,-25.935634439403625,-7.868070949904881
11,48,-26.110102223555074,-9.674869937714542
11,49,-28.342090758792395,-12.688386846739341
11,50,-26.91128366172068,-15.733693513064104
11,51,-27.24589205304475,-16.13085222817343
11,52,-27.605382787296318,-16.98748101889397
11,53,-29.775014291494372,-16.98748101889397
11,54,-28.79403294769594,-16.98748101889397
11,55,-28.110177958478527,-14.353239328536604
11,56,-26.148642192942493,-17.14329187913509
11,57,-27.696182753219485,-17.517828889479635
11,58,-25.036120530615108,-17.543742586673048
11,59,-23.49737916575312,-16.309134837830705
11,60,-23.876161727827647,-18.47176589927844
11,61,-23.05128462811223,-15.329476607145383
11,62,-23.2432696029255,-18.35005843012742
11,63,-23.861030291086255,-16.476345676050684
11,64,-27.199791179170912,-15.03938493231055
11,65,-27.715765258331956,-14.71268181856718
11,66,-25.649056778487342,-17.229845733847725
11,67,-27.824621729206637,-12.722723299918446
11,68,-26.032169785698876,-11.795709498306538
11,69,-24.6396241211786,-12.425212854492273
11,70,-26.445988852752645,-13.633528013802971
11,71,-26.980473785072252,-11.055580605260937
11,72,-26.86447775998968,-10.549926101660766
11,73,-29.247793178284425,-6.552859338107456
11,74,-29.399234112863827,-8.149690760049628
11,75,-29.399234112863827,-6.977863395627565
11,76,-29.142419953545545,-5.037383448526725
11,77,-29.142419953545545,-5.037383448526725
11,78,-29.142419953545545,-1.6148677882656641
11,79,-29.706341564156958,-2.7781181159983372
11,80,-27.9649437778924,-1.1001378150122065
11,81,-26.443714197264047,-2.7236425171831473
11,82,-26.443714197264047,-4.047094840293493
11,83,-28.668811128573513,-4.750037276503704
11,84,-29.881797357901345,-3.561541302393804
11,85,-29.387741478921885,-4.782279700746172
11,86,-29.387741478921885,-2.7097998570053567
11,87,-29.387741478921885,1.9441293966784574
11,88,-29.736708778888755,1.4446296293972722
11,89,-29.8494256872981,1.7927824460821773
11,90,-29.432759171137334,4.646043568784501
11,91,-28.377039221761844,5.183007849678112
11,92,-28.84756077066876,8.844409978632642
11,93,-28.356112403663058,5.58608902216949
11,94,-28.356112403663058,7.656636888037868
11,95,-28.356112403663058,8.255300663679035
11,96,-28.354709838785148,9.634226952641662
11,97,-26.86904349137439,9.830499378485767
11,98,-28.39962694592291,8.944173279240967
11,99,-24.384955428513862,7.438147772284339
11,100,-19.168979177134485,7.431896652473447
11,101,-21.298851205840666,5.638616057239188
11,102,-21.784249011148994,6.649519685760142
11,103,-21.31562652965575,6.865230282170859
11,104,-23.73770011808534,7.577686534946272
11,105,-21.355481882000614,8.269285935112908
11,106,-23.898221202340824,8.62959985141462
11,107,-21.309743462919883,11.117208224433579
11,108,-20.467284799446254,8.963756853924659
11,109,-19.110251141280983,9.509268075343272
11,110,-18.710695782479384,11.782051326708606
11,111,-18.933472850482467,14.877620727029678
11,112,-22.574747522563424,14.001878701601317
11,113,-22.246920159241004,13.908846254133573
11,114,-23.560583791863124,9.81929534929119
11,115,-24.8022797792332,12.131966023657533
11,116,-24.871325279759564,10.74546054464955
11,117,-27.74789163501724,16.252710837626047
11,118,-26.21901355472127,15.084366698294428
11,119,-28.62368295337199,13.688334247744239
11,120,-26.60023441810566,14.882143576977171
11,121,-25.580156263013798,9.987933898517056
11,122,-23.368536630284673,7.332340741428105
11,123,-23.773271273504015,8.448388942483456
11,124,-23.531047597362544,10.321835283296462
11,125,-22.591060901382047,8.912191674996238
11,126,-25.690266852752195,9.484189266171764
11,127,-23.581530108647925,9.295337849103909
11,128,-21.07650053775487,13.433426085028776
11,129,-21.57261830441982,11.330297162830469
11,130,-23.402240261945167,9.883044368928944
11,131,-22.00150367433164,8.25301880071093
11,132,-19.675695649058014,9.663887458621124
11,133,-24.496511977040218,11.701230859331503
11,134,-27.794661169899282,11.83988272294731
11,135,-28.871190041627713,10.987220772782164
11,136,-28.841356543721453,12.211971766081207
11,137,-28.841356543721453,9.607923972198572
11,138,-28.841356543721453,10.342525195276492
11,139,-28.07112278815082,10.001403311524818
11,140,-29.986837353938654,5.675410455187035
11,141,-29.116351552801298,6.220049684251253
11,142,-28.460419290359265,6.798712287009268
11,143,-28.319703936693305,8.063471360442751
11,144,-28.319703936693305,7.8371305108776825
11,145,-26.213815988527116,6.848728490080317
11,146,-27.24992083887987,7.454983101845752
11,147,-28.556223330677494,6.6165228916795105
11,148,-27.762159701208155,3.9681541020358706
11,149,-28.47749158345729,5.65548329571422
11,150,-28.251879479532615,3.9590373005344874
12,0,13.0,12.0
12,1,9.882890932056942,9.929878155705007
12,2,12.345251029252514,13.025963565065853
12,3,10.40292658603599,12.543683306334078
12,4,11.393815607356139,11.044538394916152
12,5,15.227965231317373,13.837781035541498
12,6,10.659842726754142,14.363741427938775
12,7,11.494158313358636,9.886716130642341
12,8,11.252321519294144,12.628722499833588
12,9,9.806968459158416,12.47937321069729
12,10,9.191546956235912,10.613715869807649
12,11,11.958891705355175,10.48387444565991
12,12,9.943860524632756,10.544341905981648
12,13,12.310757424718757,8.307995466493796
12,14,9.938208685884884,11.825691174495276
12,15,11.567756595760514,12.162956634141558
12,16,12.873911577322929,12.753237814134629
12,17,12.588750353556774,13.495185652695774
12,18,8.841028748127181,15.402246651284559
12,19,9.197344661749822,15.423126316502584
12,20,9.009368032578594,15.239607460005804
12,21,9.605713781634162,15.840663110608359
12,22,8.164784307670564,17.073654216843437
12,23,11.556302971395143,16.293350763378577
12,24,12.90628744863679,16.169122573594997
12,25,10.24449226726146,17.617855784340698
12,26,11.354113149320614,18.279642362662116
12,27,8.967934240538211,18.279642362662116
12,28,9.429973768249253,19.52950228068886
12,29,8.067467737151004,16.149830823846344
12,30,8.641582555236502,18.775835234565896
12,31,8.837205854184939,18.890336304700494
12,32,9.633352543125014,18.890336304700494
12,33,9.633352543125014,18.890336304700494
12,34,11.30478922567604,15.216589560244543
12,35,10.3431867996841,13.882090606012241
12,36,9.479964016211634,10.279844571698709
12,37,9.322604838475785,11.351314523579951
12,38,7.033723047961644,11.099679547265286
12,39,9.892515213953931,8.251619130008972
12,40,6.405924453351443,8.636344935224523
12,41,5.45305897858202,10.63482470345782
12,42,4.856190900958923,9.38828939073727
12,43,5.758734105198548,10.561917474462156
12,44,8.298762667594213,13.998637447181899
12,45,10.743990040465054,17.677684504824498
12,46,10.423672387211996,18.916718772883826
12,47,10.749975455191475,18.916718772883826
12,48,7.008458734140476,18.916718772883826
12,49,10.285759675019122,15.944562623190402
12,50,11.980909791627383,16.15745709980367
12,51,11.24173575521619,15.902234269046145
12,52,13.487557044040006,15.762544665609896
12,53,12.791778051607452,16.394472014108885
12,54,12.606306632870922,16.190889788871445
12,55,11.17220520420885,19.078618357593808
12,56,10.796711275288324,19.644415608063444
12,57,9.680808015736652,19.79639556554968
12,58,9.713121513787321,19.79639556554968
12,59,11.818199797195575,19.719284769968908
12,60,12.36119136446345,19.719284769968908
12,61,12.974299091187158,13.909721389044199
12,62,9.567889705544676,13.714135917772609
12,63,10.90203936051337,18.584739087707277
12,64,10.672201429618003,18.584739087707277
12,65,12.526498142352123,19.437968734195252
12,66,10.075446074331419,19.437968734195252
12,67,10.515316705217195,17.702389463227227
12,68,9.95769742014281,17.702389463227227
12,69,12.029537320904586,18.219975177291786
12,70,10.626373295128735,19.82869872050048
12,71,14.326264010855327,19.82869872050048
12,72,13.972335741944704,15.69333999584454
12,73,16.106670914325772,16.999295632972622
12,74,15.837644125191863,15.171019759893687
12,75,15.038497010053101,14.234297975706719
12,76,17.197004665538945,17.843082196155866
12,77,14.00138548385799,17.212826603610175
12,78,13.469919085484873,15.995359588700397
12,79,15.68824300985179,15.154615529482124
12,80,14.291035272790063,13.579976814441226
12,81,14.826319449543936,12.355132187053506
12,82,13.03115446158479,13.796416042013902
12,83,12.358616950677765,12.788949904713938
12,84,10.032057778617625,12.265824064361563
12,85,10.729628736722443,12.092676003504042
12,86,12.870861888758114,10.854841045651245
12,87,15.441911054868559,10.521580822215657
12,88,16.154815781438753,11.794913788994952
12,89,17.41542995085069,12.128504257245842
12,90,20.90453629999779,9.353255368299484
12,91,23.14287037829826,11.71397179906296
12,92,24.59062522870892,11.449146404292097
12,93,23.84200669994901,13.975690462385604
12,94,23.82674033436536,13.00989037112761
12,95,24.134628113703712,16.270219345496493
12,96,21.64641758862203,19.46533267698495
12,97,21.568233220008704,19.46533267698495
12,98,22.026962990120428,16.787840342089332
12,99,23.833008635449154,16.528008400269112
12,100,25.73478833868203,15.629342456540417
12,101,27.936541232967212,13.109938314801122
12,102,25.302241497144877,10.027502540312984
12,103,25.24829954807378,10.622677824743933
12,104,25.7501414801489,13.370282982582026
12,105,25.514031761663837,11.026310071633315
12,106,29.39253562425881,10.926506022453825
12,107,29.39253562425881,10.286979470563711
12,108,24.019769153973442,12.548696102339967
12,109,23.363523672010967,9.552644661916542
12,110,20.375857364879327,11.247832294252614
12,111,20.3418340011078,10.800336716190555
12,112,19.297872753350795,7.706375814248752
12,113,19.21412622775835,3.6316209468624363
12,114,18.2985650871449,3.0502212776463153
12,115,20.425131640508937,2.8556152599382303
12,116,20.107382233010778,-1.4907349895875806
12,117,18.62742538591849,-1.0529024004607925
12,118,18.124194794311872,-3.1196515794680506
12,119,18.599080354902373,-0.8026533866329295
12,120,19.45253324472852,-2.8505461161217287
12,121,23.210566116794375,-3.7838653757366143
12,122,24.148886614409037,-8.132484909283155
12,123,23.229034656396376,-7.319096248123376
12,124,21.313354230695616,-9.190437569675975
12,125,20.558825639805377,-14.076710660264208
12,126,20.68605908389427,-14.498070384402766
12,127,20.534149983899777,-19.85059397484002
12,128,19.61106779168233,-15.808107706525941
12,129,18.71450771949036,-15.899356280607806
12,130,16.86693255461023,-18.068412193036025
12,131,18.422935382751373,-17.008551800514752
12,132,19.779674566909616,-15.965155081815793
12,133,19.17704157220053,-19.044478139791792
12,134,18.689910293523617,-15.99125036957988
12,135,17.925971678627953,-15.199530469772473
12,136,15.262970123137212,-13.979925930476588
12,137,14.644660216697872,-12.75474843707143
12,138,12.80946713067495,-14.539658850114181
12,139,11.085774959699307,-18.06123120452384
12,140,11.98487583416594,-18.079173118430493
12,141,13.671261385936113,-16.2543893601979
12,142,14.16812506127188,-17.385388015517147
12,143,14.196473743294153,-17.978902432384068
12,144,14.132109277766222,-15.718089758610937
12,145,14.132109277766222,-15.718089758610937
12,146,13.15641771371573,-15.331563167290787
12,147,14.06601519217315,-14.602985549093512
12,148,16.188701700834883,-11.149320369031742
12,149,14.97164036696515,-8.974705053479928
12,150,16.411354500958257,-6.204572670158456
13,0,-22.0,11.0
13,1,-22.99793544192653,10.793030867881862
13,2,-23.576840931736427,10.183608650046253
13,3,-22.032255316127756,11.62845238748315
13,4,-20.79456095696706,9.660246754219122
13,5,-20.282784636348936,8.420315599326878
13,6,-18.00298327924853,5.004117430368869
13,7,-16.66409608971198,5.001394537066457
13,8,-15.163361468575276,3.8894854210188177
13,9,-14.98345772503694,5.653914372427863
13,10,-16.349755345673007,1.9154473717835243
13,11,-16.030827853545357,0.4697080991280962
13,12,-16.24606211210922,0.5292577854331947
13,13,-16.062799973621182,3.3673406741857
13,14,-17.4205698872918,5.507162437146475
13,15,-15.64790433068529,6.1747193045275495
13,16,-17.201149480226654,3.432823968746294
13,17,-18.09329881357028,1.2243757238831767
13,18,-19.6730225742732,2.8635998878565436
13,19,-21.680013211641583,1.6260335390761795
13,20,-19.83948822777652,-0.4656387316007884
13,21,-18.383451084985403,-4.102201928651209
13,22,-17.392834172427424,-3.9404209206288647
13,23,-19.528703508943156,-1.6630413487316167
13,24,-20.25027188824966,-0.8010974408069079
13,25,-21.54977814823198,-1.7466413483562708
13,26,-24.488326215616084,-4.592081864950557
13,27,-24.488326215616084,-4.592081864950557
13,28,-26.860731653774238,-5.572780788435615
13,29,-26.860731653774238,-5.572780788435615
13,30,-26.860731653774238,-6.084811909980628
13,31,-28.161949657159905,-4.3555253139619765
13,32,-26.423876653739473,-4.409048274407904
13,33,-28.481241795468172,-3.517724243281987
13,34,-28.989361979641394,-2.7710600646022945
13,35,-28.989361979641394,-4.402624434257698
13,36,-29.377809387882657,-6.1946786815175425
13,37,-29.730323395476276,-7.678510275681972
13,38,-29.730323395476276,-8.558597177838237
13,39,-29.730323395476276,-4.042440267600424
13,40,-27.093565776307678,-9.09308756033284
13,41,-28.339945996398377,-10.464504200962729
13,42,-26.625456689422407,-10.133193376984861
13,43,-27.672631039088532,-10.110101575464387
13,44,-25.273032230705546,-9.668472742210357
13,45,-23.295248820685885,-7.130666180661926
13,46,-23.716328352489256,-7.397294882530526
13,47,-21.859693515700954,-7.481669033673004
13,48,-20.604940644312734,-7.440370201612488
13,49,-23.4959457470244,-7.365059369439576
13,50,-24.62378873907854,-10.422325607012267
13,51,-24.09621968885379,-11.994026075061237
13,52,-26.9465922481682,-8.830921418088288
13,53,-25.858530291216482,-10.234663137090932
13,54,-21.704957452742676,-7.231034085055202
13,55,-25.16831752289108,-10.621468365002158
13,56,-24.856027717672838,-13.488206012504776
13,57,-22.91346709596236,-13.050570450769824
13,58,-21.991638195465626,-11.392100483981736
13,59,-23.556738040306552,-10.76876197492511
13,60,-26.069745270518617,-10.935641112801166
13,61,-26.069745270518617,-11.242838306681243
13,62,-25.00949359377295,-14.9778794511943
13,63,-22.377377039212632,-16.784937901848505
13,64,-20.128556162158716,-12.784976091660427
13,65,-19.34850710120943,-12.347066239702823
13,66,-18.441474595000695,-9.334898713847624
13,67,-20.537132611824603,-7.765698804985277
13,68,-20.501926490225472,-8.947177567052877
13,69,-17.403813700053394,-8.270177441111437
13,70,-16.49644836620489,-7.979794975061964
13,71,-16.60570014703779,-6.944042530244844
13,72,-15.399096260468953,-4.013366335095375
13,73,-17.159209187538735,-5.507178029799855
13,74,-12.197930134469079,-5.189784560277522
13,75,-11.5433077322908,-3.4691359260228865
13,76,-11.055936439138664,-0.5301049222720757
13,77,-12.335161743642233,2.803886357159322
13,78,-14.603252506588602,-1.7336199302657862
13,79,-13.152555739919201,-2.631877434683998
13,80,-11.594171354113687,-1.7566613832902191
13,81,-12.391178882482539,-0.5934154883559153
13,82,-13.049697098211984,0.8081881105370528
13,83,-9.745014042003216,1.7569154923687893
13,84,-9.46712854764917,1.2312751716919357
13,85,-12.84370612673406,0.7805488126296571
13,86,-15.363204891673856,-0.5674184808679883
13,87,-9.728869402616255,-0.002810827986924669
13,88,-7.5495316370524,-0.5733233708271914
13,89,-6.900347969567656,0.49991881355799994
13,90,-3.1836764823251618,-2.6113638857885917
13,91,-3.7192391539099696,0.8292336221333128
13,92,-3.318655476689215,0.5908447699485598
13,93,-4.961246848778954,-1.429811024231379
13,94,-4.445727596183045,-1.1872641063424063
13,95,-2.860648804002074,-2.3927191240001995
13,96,-2.6294979258541615,-3.562648427697431
13,97,-4.917105247003988,-6.403953991021057
13,98,-6.381300435582035,-7.648055772296097
13,99,-5.636063464505957,-11.713790101609554
13,100,-5.340538897862623,-11.005312245171421
13,101,-5.650086600443799,-10.468517672057807
13,102,-6.160444357512342,-10.199371540188363
13,103,-4.8386221766862985,-9.203505491715909
13,104,-6.588150237918458,-11.587973388459968
13,105,-7.582553343947634,-6.338204292255612
13,106,-7.637903757895871,-5.164861291303256
13,107,-7.325305209329704,-7.040909291503019
13,108,-5.992358684840631,-6.672929507501081
13,109,-6.1229023396321365,-2.313331118091133
13,110,-3.0571438676412885,-1.4177642707776785
13,111,-1.0905961926663486,-1.9261269327097212
13,112,2.4542503268854103,-0.7634868327815469
13,113,2.4542503268854103,-0.7634868327815469
13,114,2.8206774713256677,0.12622538956091844
13,115,3.7323347744251647,4.918539665318126
13,116,3.0593097293938873,4.692612277560083
13,117,4.814125627315523,2.817825144683445
13,118,6.183911994540716,4.58496438663372
13,119,7.705764493188668,2.166007650921315
13,120,8.09087248535469,-0.9891682228264469
13,121,7.3403814717244265,0.43481510776317656
13,122,4.050079059605583,-1.612585184782057
13,123,4.683533771332848,0.4228161947779734
13,124,2.707332997294319,-3.0913965662762495
13,125,5.114070280119592,-5.776046664956808
13,126,8.249606380295965,-5.512063951958317
13,127,7.640167387496077,-6.506967551383583
13,128,7.462078644750415,-7.126497767827468
13,129,5.87437333181491,-2.091442935089283
13,130,5.246946152729923,-3.7634278646438077
13,131,5.434386728309917,-4.497294712797489
13,132,9.745807856090082,-6.513221758324146
13,133,11.295394226103918,-3.8697978508430957
13,134,8.776683168291562,-4.578008505561164
13,135,6.812280051467731,-3.232697051121308
13,136,10.968083189709862,-1.9718367283682092
13,137,10.249913024192447,-2.248938740687962
13,138,8.999837420571206,-2.3049942787139592
13,139,13.50921573557922,-1.7006971689517547
13,140,11.26412515547489,-3.075646792817982
13,141,11.276590671741621,-4.720216532529028
13,142,7.415244817400426,-5.078027015202758
13,143,10.660789165265534,-6.212112033313877
13,144,10.567808554034757,-7.6026532739484844
13,145,7.874417169360167,-7.534793528041398
13,146,9.65324616653441,-9.720489083641647
13,147,7.4672179038904485,-7.441150304182313
13,148,9.064777938451906,-7.708038266391782
13,149,4.23563821069266,-6.025570164049439
13,150,4.927986702199628,-4.9234976208394885
14,0,5.0,-2.0
14,1,6.557909235483816,1.656246875633562
14,2,4.421834891579774,1.7470866892512882
14,3,4.570059049063526,0.04344911787003314
14,4,4.951396141633866,2.1831980344791337
14,5,1.3584387767847312,0.9284103001092212
14,6,-3.3621072194964103,-2.042726907864486
14,7,-5.767541129030496,1.6673298554367446
14,8,-7.456519373732843,1.0058412481808645
14,9,-8.520893076316028,2.8747867688595488
14,10,-6.735007339012248,2.669917684661784
14,11,-10.6547616529556,4.066101958754475
14,12,-8.928540303526146,2.5296733564890976
14,13,-8.423645657090644,1.2785729871706113
14,14,-9.889463694750916,-0.36564691316717957
14,15,-3.5015288389809314,1.5532819345972277
14,16,-7.121027556674376,-1.4325381040584269
14,17,-4.624589482174541,0.2442842728992134
14,18,-4.959180778847346,4.271291861554587
14,19,-4.204324319767359,2.358097797741343
14,20,-4.204324319767359,2.358097797741343
14,21,-5.772893260210831,0.8529271763998176
14,22,-9.976428605721576,-1.0905123269692825
14,23,-7.1641544973947795,0.1454710814351543
14,24,-8.359247952472305,-2.057622816572386
14,25,-3.7777259562373198,-3.3426410067920034
14,26,-3.6091255429527402,-1.3957535625012774
14,27,-4.964898350823305,-4.797110249756471
14,28,-6.569062389716515,-4.252868397692264
14,29,-3.630867747155035,-4.897915140979891
14,30,-8.766425033705666,-0.9626137035992839
14,31,-8.070868345532046,-2.16280679232115
14,32,-8.099890760200276,-7.667301994549436
14,33,-5.811941074293537,-6.075378886051273
14,34,-2.463873321908353,-7.334201383692214
14,35,-3.4787652034915353,-9.457661518647653
14,36,-5.73927451918717,-7.15024795568605
14,37,-7.4349262256909725,-7.16682850279621
14,38,-11.394707363684912,-5.99443355362207
14,39,-10.092857643690357,-6.4054312798570905
14,40,-11.809406979134517,-8.518973889809303
14,41,-10.110746711272434,-7.944571763597623
14,42,-14.248397812543761,-5.5077166183184625
14,43,-13.488970958886581,-5.75687595507113
14,44,-12.203285770209549,-5.408016345011224
14,45,-13.136243031791974,-7.845150379946828
14,46,-9.825111237290677,-8.860279774469891
14,47,-9.615957530930343,-8.284217068866267
14,48,-8.88014940506332,-8.257618493228488
14,49,-9.040066114588564,-9.782331685888744
14,50,-10.465633493404766,-11.667077889250463
14,51,-11.04690905961364,-11.705718057913275
14,52,-8.588681720231113,-14.520797875185243
14,53,-6.510039564632716,-13.61030194386717
14,54,-7.822704442643267,-12.252718153176234
14,55,-4.346428623270479,-11.981130523131668
14,56,-1.1760928210818622,-14.645739178252386
14,57,0.271880916425993,-14.395929118451852
14,58,-2.4828665325526416,-12.614925623905634
14,59,-2.848732071888946,-11.847193358543246
14,60,-3.1848571994953483,-13.509829207729192
14,61,-3.3356343287198067,-11.529308232236415
14,62,-3.5251368227931184,-11.479842885266931
14,63,-2.3229288145179634,-12.416183086874852
14,64,-2.1094849447840653,-14.748504919190903
14,65,-5.767654233916082,-15.98417224325261
14,66,-5.9344830195441185,-14.366825784111732
14,67,-9.355268308975308,-17.761196024087816
14,68,-6.426606359225665,-19.457296963176933
14,69,-6.520712809087438,-17.583107939985286
14,70,-4.892267643150703,-17.58088248513999
14,71,-6.293277023896696,-17.197635057429878
14,72,-6.36672381240428,-16.503913658996805
14,73,-7.088014898693669,-16.466312737835416
14,74,-6.055332927559228,-11.969694910507368
14,75,-8.300072635252173,-9.167885865950332
14,76,-7.863568911140461,-11.187376133382063
14,77,-9.84486857424553,-7.004052909076096
14,78,-10.954628742112954,-4.119693991205377
14,79,-10.880416827450784,-2.5777866728243612
14,80,-7.331346983175594,0.4571227227112957
14,81,-7.243062109492428,-0.02850620956279959
14,82,-6.90330923955394,-1.0303683557396668
14,83,-5.998514761965552,-4.334516081611038
14,84,-5.261113543346632,-4.680700868715942
14,85,-5.000512687049763,-6.584806963642222
14,86,-7.935505584038767,-7.61285030437106
14,87,-7.3828412965003025,-5.296500696505073
14,88,-7.3828412965003025,-5.296500696505073
14,89,-5.540918572548273,-6.957426063755981
14,90,-1.944561151260067,-7.982565992154951
14,91,-1.6373372504798487,-9.076545720103717
14,92,2.5945085916844643,-9.795223541016929
14,93,1.9028913806607703,-10.624450444660201
14,94,0.65275886537722,-7.66120024874505
14,95,2.209699428164221,-8.644487201452215
14,96,6.408880588688009,-7.549235859334723
14,97,6.5349616872420455,-5.003843978840225
14,98,11.281842121259334,-4.7221602141660215
14,99,9.241987910251968,1.6258813361486881
14,100,6.676178760559273,1.287772015600424
14,101,7.442626677974279,-2.327949894733565
14,102,4.517321277032147,-2.710023227211072
14,103,0.8069792372665918,-3.9265575624816416
14,104,3.062936872025327,-3.19517307395548
14,105,1.0343613798900826,-4.69703703000673
14,106,-0.19746081632676482,-6.148673115030551
14,107,-1.239422792768614,-8.509150682971034
14,108,-0.747645431773458,-5.584326912855881
14,109,-1.977084621846952,-7.584889204266806
14,110,-1.1919044958951794,-6.87397986853758
14,111,-3.010903558364591,-9.138832233105429
14,112,-0.7736156829692944,-10.460759580643915
14,113,-1.5749778222494197,-10.73374379841827
14,114,-4.056438201866422,-13.331168174892237
14,115,-1.760456203988657,-12.879687081199362
14,116,-3.245764807819736,-12.569073945519895
14,117,-3.8545468121376665,-11.665006929073156
14,118,-5.68886104683225,-10.896677381108907
14,119,-3.5316960841304175,-11.478310905931057
14,120,-4.359899390067761,-11.173252949073316
14,121,-5.049210801728504,-11.494126054078189
14,122,-3.8168992767488135,-11.307866635406887
14,123,-2.199134809515831,-10.494424667170597
14,124,-1.5122626939095323,-9.086717930867794
14,125,-0.6253260594700951,-8.698286310285345
14,126,-2.1785662243794297,-9.498760787908157
14,127,-1.3698980377551884,-13.967788889419396
14,128,-2.9390495298531203,-12.678831165903807
14,129,-2.396191473492427,-12.659190732572139
14,130,-3.5714953946936143,-17.04194789737825
14,131,-2.8189347114609493,-19.561760815630468
14,132,-2.9603674295963556,-19.561760815630468
14,133,-3.5732935362864193,-19.561760815630468
14,134,-3.975522312776074,-18.75125474418389
14,135,-4.1256097234993305,-19.235086860574594
14,136,-5.855604499255664,-19.235086860574594
14,137,-5.601153521398979,-19.235086860574594
14,138,-4.409326520940708,-19.159954771693243
14,139,-5.5222797481936015,-17.99843629170205
14,140,-2.3209437249711056,-17.401674827958058
14,141,-2.5198281589927833,-15.22505658961391
14,142,-3.425835903745697,-12.806546220583082
14,143,-6.363379976392547,-12.05184888263525
14,144,-5.908504981881348,-11.520433872658934
14,145,-2.4900467113774862,-12.235322508614825
14,146,-1.6729179477347935,-14.728881571786655
14,147,-1.8056903355653637,-17.40321647052828
14,148,-2.06541141199607,-18.131725450552242
14,149,-0.4024390716752948,-18.131725450552242
14,150,0.9228798639480078,-15.044036102067876
